RegioNaam;RegioCode;AmsterdamseCode;OuderRegioNaam;OuderRegioCode;Kiesgerechtigden;Opkomst;OngeldigeStemmen;BlancoStemmen;GeldigeStemmen;VVD;Partij van de Arbeid (P.v.d.A.);CDA;PVV (Partij voor de Vrijheid);Socialistische Partij (SOPA);Democraten 66 (D66);GROENLINKS;ChristenUnie;50PLUS;Staatkundig Gereformeerde Partij (SGP);Partij voor de Dieren;ChristenUnie-SGP;FNP;Ouderenpartij Noord-Holland;PARTIJ VOOR ZEELAND (PVZ);Partij voor het Noorden;Partij Nieuw Limburg (PNL);Platform Lokale Partijen;Unie van Democraten (De Unie);Provinciaal Belang Fryslân;Partij voor Mens en Spirit (MenS);Onafhankelijke Partij Drenthe O.P.D.;Brabant Nu;Platform Lokale Partijen Utrecht (PLU);De Groenen;Mooi Utrecht;Solidara;DPS/Groep van Bergen/De Groenen;Leefbaar Almere;Gelderse Centrumdemocraten (Gelderse C.D.);Verenigd Links-Feriene Lofts
Aa en Hunze;G1680;10787;Assen;K3;20262;13126;22;15;13089;3252;4215;1093;1000;1165;897;818;235;212;16;;;;;;;;;;;;170;;;;;16;;;;
Aalburg;G0738;11084;Tilburg;K17;9343;5903;16;1;5886;760;319;1295;819;253;107;86;;78;;64;2103;;;;;;;;;;;2;;;;;;;;
Aalsmeer;G0358;11264;Haarlem;K10;22022;13462;24;12;13426;4448;1564;2248;1832;708;1005;447;;245;;229;537;;157;;;;;;;;;;;6;;;;;;
Aalten;G0197;11046;Arnhem;K7;20758;12149;20;13;12116;1919;1846;3464;1070;1576;614;472;671;210;40;198;;;;;;;;;;18;;;;;;;4;;14;
Achtkarspelen;G0059;10199;Leeuwarden;K2;21541;12085;13;6;12066;949;2370;2855;1171;694;222;303;1678;105;;;;1405;;;36;;;;271;;;;;;;;;;;7
Alblasserdam;G0482;11327;Dordrecht;K14;14099;8240;9;6;8225;1116;1277;966;926;627;526;170;812;200;1477;115;;;;;;;8;5;;;;;;;;;;;;
Albrandswaard;G0613;10124;Dordrecht;K14;18592;9741;16;13;9712;2603;1180;1131;1666;885;606;328;264;264;149;221;;;;;;;408;7;;;;;;;;;;;;
Alkmaar;G0361;10527;Den Helder;K11;71693;39293;84;39;39170;6868;8507;3228;4336;5027;4107;3553;;1053;;1064;655;;676;;;;;;;;;;;96;;;;;;
Almelo;G0141;11053;Zwolle;K4;54008;26627;83;19;26525;4430;6110;4152;3371;2840;1946;1230;1016;861;112;395;;;;;;;;;;;;;;;;62;;;;
Almere;G0034;10018;Lelystad;K5;134265;66376;130;66;66180;15435;13125;2850;12227;6397;5335;4495;1580;1864;141;1851;;;;;;;;;;;;;;;;;;880;;
Alphen aan den Rijn;G0484;10517;Leiden;K15;54600;31048;49;52;30947;7466;4491;4290;3829;3166;2801;1648;1342;669;494;545;;;;;;;168;38;;;;;;;;;;;;
Alphen-Chaam;G1723;10710;Tilburg;K17;7297;4351;9;2;4340;1084;385;1207;596;378;258;207;;139;;69;9;;;;;;;;;;;8;;;;;;;;
Ameland;G0060;11153;Leeuwarden;K2;2651;1783;1;1;1781;385;305;517;221;100;52;70;14;16;;;;24;;;4;;;;73;;;;;;;;;;;0
Amersfoort;G0307;10948;Utrecht;K8;106609;65272;100;60;65112;13698;11314;6326;6114;6615;6817;6050;4430;1456;690;1339;;;;;;;;;;;;;151;;112;;;;;
Amstelveen;G0362;10799;Haarlem;K10;57592;36862;62;29;36771;10358;6016;3243;3881;2790;4972;2656;;702;;827;659;;624;;;;;;;;;;;43;;;;;;
Amsterdam;G0363;11150;Amsterdam;K9;551475;299014;1126;400;297488;45720;84869;9018;24901;31168;46394;37785;;2848;;8207;2433;;3342;;;;;;;;;;;803;;;;;;
Anna Paulowna;G0366;10344;Den Helder;K11;10842;6088;9;3;6076;1737;995;997;826;472;362;177;;85;;108;100;;211;;;;;;;;;;;6;;;;;;
Apeldoorn;G0200;11075;Arnhem;K7;120887;69204;130;75;68999;14233;13415;9269;6752;5384;5913;4021;3657;1688;2588;1671;;;;;;;;;;247;;;;;;;92;;69;
Appingedam;G0003;10886;Groningen;K1;9567;5064;9;2;5053;600;1530;666;455;772;218;147;283;102;;91;;;;;189;;;;;;;;;;;;;;;
Arnhem;G0202;10795;Arnhem;K7;112348;57079;115;64;56900;9191;12414;4283;5680;7905;7220;5785;1439;1018;115;1494;;;;;;;;;;219;;;;;;;68;;69;
Assen;G0106;10522;Assen;K3;50706;29627;31;54;29542;4500;8212;2967;2318;3390;2169;1934;3013;502;171;;;;;;;;;;;;271;;;;;95;;;;
Asten;G0743;10478;'s-Hertogenbosch;K18;12417;6964;11;15;6938;1575;755;1922;898;862;322;282;;215;;75;19;;;;;;;;;;;13;;;;;;;;
Baarle-Nassau;G0744;10060;Tilburg;K17;5229;2746;5;0;2741;480;254;828;480;272;119;124;;100;;68;12;;;;;;;;;;;4;;;;;;;;
Baarn;G0308;11411;Utrecht;K8;18853;11754;21;6;11727;3331;1554;1423;1316;884;1134;796;467;237;115;292;;;;;;;;;;;;;18;;160;;;;;
Barendrecht;G0489;10943;Dordrecht;K14;34194;18188;26;5;18157;4425;2183;2362;2970;1440;1189;780;743;526;1097;366;;;;;;;61;15;;;;;;;;;;;;
Barneveld;G0203;10906;Arnhem;K7;38032;26150;29;14;26107;4382;1311;5785;2796;820;707;517;3044;227;6212;205;;;;;;;;;;52;;;;;;;32;;17;
Bedum;G0005;10425;Groningen;K1;8107;5376;4;5;5367;538;1060;1192;281;534;241;304;795;64;;72;;;;;286;;;;;;;;;;;;;;;
Beek;G0888;11374;Maastricht;K19;13199;7608;15;9;7584;1106;920;1784;1642;733;449;427;38;263;;134;;;;;;88;;;;;;;;;;;;;;
Beemster;G0370;10816;Den Helder;K11;6649;4524;4;1;4519;1476;630;565;652;281;377;217;;101;;94;23;;93;;;;;;;;;;;10;;;;;;
Beesel;G0889;10195;Venlo;K191;10666;5415;12;6;5397;915;688;1121;1386;498;216;197;31;193;;83;;;;;;69;;;;;;;;;;;;;;
Bellingwedde;G0007;10340;Groningen;K1;7394;4458;6;4;4448;647;1322;366;548;762;135;179;128;82;;133;;;;;146;;;;;;;;;;;;;;;
Bergambacht;G0491;10962;Leiden;K15;7316;5021;4;3;5014;1160;698;692;575;297;208;146;313;80;730;88;;;;;;;25;2;;;;;;;;;;;;
Bergeijk;G1724;11160;'s-Hertogenbosch;K18;13867;7540;10;8;7522;1374;696;2412;1084;934;373;289;;206;;110;33;;;;;;;;;;;11;;;;;;;;
Bergen;G0893;11281;Maastricht;K19;10332;5038;3;7;5028;777;578;1654;885;606;175;130;12;142;;45;;;;;;24;;;;;;;;;;;;;;
Bergen;G0373;11424;Den Helder;K11;24298;15574;17;10;15547;4252;2432;1822;1861;1303;1487;1234;;247;;519;103;;262;;;;;;;;;;;25;;;;;;
Bergen op Zoom;G0748;11037;Tilburg;K17;50002;24209;65;30;24114;5290;3856;2948;4667;2519;1960;1333;;769;;496;226;;;;;;;;;;;50;;;;;;;;
Berkelland;G1859;10436;Arnhem;K7;34846;21066;18;17;21031;4644;4262;4456;1897;2326;1379;885;341;404;32;307;;;;;;;;;;66;;;;;;;16;;16;
Bernheze;G1721;10149;'s-Hertogenbosch;K18;22379;11400;19;9;11372;2278;1148;3065;1260;1784;731;523;;360;;152;44;;;;;;;;;;;27;;;;;;;;
Bernisse;G0568;10316;Dordrecht;K14;9835;5543;4;10;5529;1604;709;803;912;460;254;165;225;161;85;118;;;;;;;32;1;;;;;;;;;;;;
Best;G0753;10442;'s-Hertogenbosch;K18;21434;11548;10;12;11526;2603;1323;1952;1461;1527;991;538;;704;;180;230;;;;;;;;;;;17;;;;;;;;
Beuningen;G0209;10417;Nijmegen;K6;19533;10204;10;17;10177;2196;1641;1535;1300;1518;814;532;85;336;14;177;;;;;;;;;;20;;;;;;;9;;;
Beverwijk;G0375;10272;Haarlem;K10;29189;14487;23;11;14453;2685;2844;1452;2312;1567;1184;1147;;303;;369;137;;421;;;;;;;;;;;32;;;;;;
Binnenmaas;G0585;10222;Dordrecht;K14;22565;12959;19;9;12931;3039;1865;1869;1809;1040;619;463;550;337;994;270;;;;;;;73;3;;;;;;;;;;;;
Bladel;G1728;11006;'s-Hertogenbosch;K18;14854;7615;14;6;7595;1516;769;1882;1051;1097;404;365;;291;;163;43;;;;;;;;;;;14;;;;;;;;
Blaricum;G0376;10493;Haarlem;K10;6952;4797;10;6;4781;1929;512;498;506;289;518;217;;100;;94;59;;54;;;;;;;;;;;5;;;;;;
Bloemendaal;G0377;10850;Haarlem;K10;16477;12238;14;9;12215;4850;1309;1429;786;596;1768;769;;129;;309;133;;119;;;;;;;;;;;18;;;;;;
Boarnsterhim;G0055;10815;Leeuwarden;K2;14659;9533;6;8;9519;1735;2674;1121;630;714;489;538;178;79;;;;1208;;;28;;;;123;;;;;;;;;;;2
Bodegraven-Reeuwijk;G1901;11091;Leiden;K15;24480;15620;25;10;15585;3898;1376;3178;1784;782;848;693;1011;301;1414;225;;;;;;;65;10;;;;;;;;;;;;
Boekel;G0755;10432;'s-Hertogenbosch;K18;7336;4021;6;12;4003;704;341;1222;572;638;154;145;;136;;70;14;;;;;;;;;;;7;;;;;;;;
Borger-Odoorn;G1681;10448;Assen;K3;20479;11962;15;8;11939;2273;3530;1445;1267;1165;714;579;514;240;51;;;;;;;;;;;;142;;;;;19;;;;
Borne;G0147;10326;Zwolle;K4;16236;9541;17;12;9512;1688;1727;2244;913;1075;910;437;136;263;12;97;;;;;;;;;;;;;;;;10;;;;
Borsele;G0654;10043;Middelburg;K16;17024;10578;11;3;10564;1474;1341;1920;1094;729;394;349;368;162;1961;185;;;;587;;;;;;;;;;;;;;;;
Boskoop;G0499;10419;Leiden;K15;11071;7031;5;9;7017;1898;685;1317;820;462;454;399;353;125;346;136;;;;;;;14;8;;;;;;;;;;;;
Boxmeer;G0756;11227;'s-Hertogenbosch;K18;21770;12943;21;19;12903;2126;967;3100;1301;4017;582;421;;167;;139;74;;;;;;;;;;;9;;;;;;;;
Boxtel;G0757;10083;'s-Hertogenbosch;K18;23018;11964;36;22;11906;2141;1667;2153;1319;1736;1241;837;;497;;216;82;;;;;;;;;;;17;;;;;;;;
Breda;G0758;10154;Tilburg;K17;132684;68789;137;81;68571;16665;10767;7878;8205;7949;7886;5324;;1752;;1402;588;;;;;;;;;;;155;;;;;;;;
Brielle;G0501;10232;Dordrecht;K14;12372;6673;2;9;6662;1768;964;638;1076;1049;401;241;104;186;34;153;;;;;;;46;2;;;;;;;;;;;;
Bronckhorst;G1876;11159;Arnhem;K7;29442;18374;19;16;18339;4567;3210;4162;1663;1480;1168;753;416;321;179;325;;;;;;;;;;63;;;;;;;16;;16;
Brummen;G0213;10798;Arnhem;K7;16503;9330;12;6;9312;2189;2352;1159;969;829;670;477;159;211;38;190;;;;;;;;;;41;;;;;;;22;;6;
Brunssum;G0899;10533;Maastricht;K19;23456;11116;15;28;11073;1391;1649;1516;3115;1584;403;422;193;462;;221;;;;;;117;;;;;;;;;;;;;;
Bunnik;G0312;10820;Utrecht;K8;10927;7758;12;7;7739;1748;950;1303;613;560;857;1102;143;154;114;165;;;;;;;;;;;;;22;;8;;;;;
Bunschoten;G0313;11343;Utrecht;K8;14733;9140;26;5;9109;1227;325;2673;1142;216;127;98;2654;122;452;51;;;;;;;;;;;;;10;;12;;;;;
Buren;G0214;11286;Nijmegen;K6;19936;11888;16;1;11871;3373;1734;1489;1852;666;753;427;284;282;704;287;;;;;;;;;;15;;;;;;;5;;;
Bussum;G0381;10281;Haarlem;K10;23899;14953;15;9;14929;4877;2116;1362;1311;1012;2041;1082;;297;;335;297;;176;;;;;;;;;;;23;;;;;;
Capelle aan den IJssel;G0502;11248;Leiden;K15;50232;25359;62;19;25278;4692;4102;1984;4358;2612;1823;949;1096;767;1771;592;;;;;;;518;14;;;;;;;;;;;;
Castricum;G0383;11287;Den Helder;K11;26796;17995;22;10;17963;4636;3004;2439;1828;1597;1847;1480;;285;;398;129;;296;;;;;;;;;;;24;;;;;;
Coevorden;G0109;10383;Assen;K3;28004;16174;27;12;16135;3778;4227;2659;1639;1468;831;577;435;287;72;;;;;;;;;;;;150;;;;;12;;;;
Cranendonck;G1706;10219;'s-Hertogenbosch;K18;15775;7855;2;6;7847;1580;1069;1746;1393;991;381;241;;229;;152;49;;;;;;;;;;;16;;;;;;;;
Cromstrijen;G0611;11346;Dordrecht;K14;10084;5796;9;4;5783;1414;841;865;755;540;310;196;190;147;420;88;;;;;;;16;1;;;;;;;;;;;;
Cuijk;G1684;10023;'s-Hertogenbosch;K18;18470;10012;18;4;9990;1722;1366;2018;1282;2064;674;468;;205;;131;36;;;;;;;;;;;24;;;;;;;;
Culemborg;G0216;10342;Nijmegen;K6;20189;12148;16;12;12120;2395;2255;1314;1609;1090;1115;1332;354;240;113;248;;;;;;;;;;45;;;;;;;10;;;
Dalfsen;G0148;11007;Zwolle;K4;20640;13512;15;6;13491;2201;1688;4307;1002;812;696;466;1496;379;303;137;;;;;;;;;;;;;;;;4;;;;
Dantumadiel;G1891;10650;Leeuwarden;K2;14960;8869;17;9;8843;584;1625;2329;873;563;184;261;1378;102;;;;806;;;17;;;;116;;;;;;;;;;;5
De Bilt;G0310;10168;Utrecht;K8;32270;22764;41;21;22702;6028;2836;2518;2140;2097;2570;1955;691;490;776;503;;;;;;;;;;;;;49;;49;;;;;
De Marne;G1663;10180;Groningen;K1;8271;5143;10;5;5128;697;1176;948;409;583;167;338;484;68;;142;;;;;116;;;;;;;;;;;;;;;
De Ronde Venen;G0736;11379;Utrecht;K8;32290;20313;22;13;20278;6534;1999;3660;2587;1072;1513;982;596;364;395;328;;;;;;;;;;;;;220;;28;;;;;
De Wolden;G1690;10262;Assen;K3;18358;11895;17;5;11873;3376;2274;2191;1099;710;772;583;475;157;72;;;;;;;;;;;;152;;;;;12;;;;
Delft;G0503;10928;Dordrecht;K14;72207;41672;102;100;41470;6589;7461;3304;4354;4357;7658;4161;1259;797;266;960;;;;;;;240;64;;;;;;;;;;;;
Delfzijl;G0010;10976;Groningen;K1;20872;10681;21;13;10647;1394;2824;1435;1196;1298;409;358;767;284;;199;;;;;483;;;;;;;;;;;;;;;
Den Helder;G0400;10285;Den Helder;K11;44830;21345;52;14;21279;4394;3223;1860;3705;2512;2145;585;;662;;455;1155;;562;;;;;;;;;;;21;;;;;;
Deurne;G0762;10379;'s-Hertogenbosch;K18;24563;12406;22;18;12366;2513;1408;3318;1760;1652;623;475;;372;;155;67;;;;;;;;;;;23;;;;;;;;
Deventer;G0150;10899;Zwolle;K4;73121;42550;86;25;42439;7260;11694;4603;3286;4143;4687;3689;1171;923;100;795;;;;;;;;;;;;;;;;88;;;;
Diemen;G0384;11039;Haarlem;K10;18265;10480;27;14;10439;2158;2361;588;1558;1163;1069;802;;195;;237;136;;157;;;;;;;;;;;15;;;;;;
Dinkelland;G1774;10245;Zwolle;K4;19563;11465;17;6;11442;2237;1017;4949;1158;662;581;330;69;344;8;86;;;;;;;;;;;;;;;;1;;;;
Dirksland;G0504;11344;Dordrecht;K14;6339;3892;4;1;3887;587;405;427;535;279;109;57;252;72;1077;52;;;;;;;34;1;;;;;;;;;;;;
Doesburg;G0221;10327;Arnhem;K7;8933;5160;6;10;5144;939;1045;563;566;928;505;268;104;93;15;99;;;;;;;;;;17;;;;;;;2;;0;
Doetinchem;G0222;10396;Arnhem;K7;43214;23851;41;6;23804;4418;4890;3706;2343;3160;1777;1475;550;623;299;432;;;;;;;;;;89;;;;;;;19;;23;
Dongen;G0766;11412;Tilburg;K17;19305;10080;24;11;10045;2123;1495;1713;1287;1513;833;461;;289;;175;142;;;;;;;;;;;14;;;;;;;;
Dongeradeel;G0058;10198;Leeuwarden;K2;18710;11237;16;6;11215;1062;1888;3215;876;783;226;374;1154;101;;;;1242;;;27;;;;264;;;;;;;;;;;3
Dordrecht;G0505;11157;Dordrecht;K14;88647;44007;144;57;43806;7578;7825;4049;6389;5169;3970;2481;2299;1125;1603;1120;;;;;;;116;82;;;;;;;;;;;;
Drechterland;G0498;10642;Den Helder;K11;14610;8752;9;12;8731;2363;1043;1466;1237;877;603;359;;356;;151;68;;198;;;;;;;;;;;10;;;;;;
Drimmelen;G1719;10258;Tilburg;K17;20794;10675;17;11;10647;2468;1477;1889;1738;1151;719;528;;383;;210;72;;;;;;;;;;;12;;;;;;;;
Dronten;G0303;10210;Lelystad;K5;28965;17740;30;12;17698;4843;1980;3417;2029;1289;1034;948;1298;364;213;281;;;;;;;;;;;;;;;;;;2;;
Druten;G0225;10068;Nijmegen;K6;13683;7117;12;7;7098;1461;1198;1312;940;1026;507;332;37;156;5;108;;;;;;;;;;13;;;;;;;3;;;
Duiven;G0226;11028;Arnhem;K7;19093;10475;17;7;10451;2455;1706;1664;1250;1270;778;586;217;286;21;175;;;;;;;;;;27;;;;;;;7;;9;
Echt-Susteren;G1711;10941;Venlo;K191;25684;14245;15;29;14201;1656;1375;3623;3878;1395;442;756;128;468;;266;;;;;;214;;;;;;;;;;;;;;
Edam-Volendam;G0385;10884;Den Helder;K11;21685;12826;17;6;12803;2077;1021;4027;3538;633;501;460;;157;;190;62;;124;;;;;;;;;;;13;;;;;;
Ede;G0228;10743;Arnhem;K7;80625;52018;108;29;51881;9387;5468;8999;5697;2739;3028;2300;5712;733;6855;799;;;;;;;;;;90;;;;;;;31;;43;
Eemnes;G0317;10248;Utrecht;K8;6561;4301;6;5;4290;1246;553;670;548;332;388;182;106;111;37;97;;;;;;;;;;;;;7;;13;;;;;
Eemsmond;G1651;10246;Groningen;K1;12650;7985;15;9;7961;929;2070;1429;537;872;211;369;960;178;;188;;;;;218;;;;;;;;;;;;;;;
Eersel;G0770;10741;'s-Hertogenbosch;K18;14221;7868;10;12;7846;1606;813;2244;942;884;504;449;;230;;116;51;;;;;;;;;;;7;;;;;;;;
Eijsden-Margraten;G1903;11243;Maastricht;K19;19488;11280;20;11;11249;1789;1396;3001;1730;821;639;643;38;484;;182;;;;;;526;;;;;;;;;;;;;;
Eindhoven;G0772;11298;'s-Hertogenbosch;K18;160219;78874;142;130;78602;14101;13235;8300;9519;11932;8691;6579;;3106;;1640;1178;;;;;;;;;;;321;;;;;;;;
Elburg;G0230;11113;Arnhem;K7;16737;10617;18;7;10592;1532;817;2072;981;557;298;227;1936;151;1895;104;;;;;;;;;;9;;;;;;;6;;7;
Emmen;G0114;11180;Assen;K3;84816;42650;79;49;42522;5638;13206;6766;5241;4777;2181;1572;1661;929;144;;;;;;;;;;;;380;;;;;27;;;;
Enkhuizen;G0388;10729;Den Helder;K11;13895;7922;7;6;7909;1561;1543;842;1081;1041;570;405;;204;;172;336;;146;;;;;;;;;;;8;;;;;;
Enschede;G0153;10364;Zwolle;K4;118237;58126;112;80;57934;8871;14335;6181;5723;6122;6702;3988;2713;1953;200;964;;;;;;;;;;;;;;;;182;;;;
Epe;G0232;10940;Arnhem;K7;25736;15378;38;18;15322;3504;2846;2564;1600;901;893;611;791;504;716;350;;;;;;;;;;31;;;;;;;4;;7;
Ermelo;G0233;10732;Arnhem;K7;20332;13125;20;17;13088;2487;1181;3066;1371;730;623;541;1655;192;956;223;;;;;;;;;;28;;;;;;;26;;9;
Etten-Leur;G0777;10750;Tilburg;K17;31756;15937;31;16;15890;3602;2319;2425;2611;1805;1259;790;;679;;229;128;;;;;;;;;;;43;;;;;;;;
Ferwerderadiel;G1722;11284;Leeuwarden;K2;6743;4048;3;2;4043;426;721;1064;291;257;98;134;350;56;;;;579;;;13;;;;50;;;;;;;;;;;4
Franekeradeel;G0070;10404;Leeuwarden;K2;15936;9463;12;8;9443;1225;1977;1855;813;914;317;431;511;126;;;;1033;;;23;;;;208;;;;;;;;;;;10
Gaasterlân-Sleat;G0653;10036;Leeuwarden;K2;7968;5159;14;6;5139;755;699;1303;450;270;149;207;232;87;;;;942;;;11;;;;32;;;;;;;;;;;2
Geertruidenberg;G0779;10101;Tilburg;K17;16693;7921;15;9;7897;1735;1161;1221;1339;999;417;477;;283;;147;100;;;;;;;;;;;18;;;;;;;;
Geldermalsen;G0236;10881;Nijmegen;K6;19546;12455;16;7;12432;2993;1569;1925;1800;730;758;488;339;213;1386;197;;;;;;;;;;21;;;;;;;13;;;
Geldrop-Mierlo;G1771;10529;'s-Hertogenbosch;K18;29515;15434;11;28;15395;2960;1962;2549;2014;2506;1268;1061;;595;;275;168;;;;;;;;;;;37;;;;;;;;
Gemert-Bakel;G1652;10277;'s-Hertogenbosch;K18;22070;11484;37;11;11436;1888;1063;3365;1634;1962;522;476;;295;;172;44;;;;;;;;;;;15;;;;;;;;
Gennep;G0907;10542;Venlo;K191;13445;6838;5;4;6829;1032;827;1291;773;1432;982;197;31;122;;81;;;;;;61;;;;;;;;;;;;;;
Giessenlanden;G0689;10255;Dordrecht;K14;10930;7353;5;5;7343;1752;904;1455;780;525;292;191;740;135;466;80;;;;;;;17;6;;;;;;;;;;;;
Gilze en Rijen;G0784;11375;Tilburg;K17;19421;10297;17;9;10271;2087;1578;1825;1602;1257;788;502;;411;;159;47;;;;;;;;;;;15;;;;;;;;
Goedereede;G0511;10981;Dordrecht;K14;8786;5913;7;4;5902;1024;434;923;711;403;115;70;336;115;1646;56;;;;;;;66;3;;;;;;;;;;;;
Goes;G0664;10674;Middelburg;K16;28678;16901;22;7;16872;3018;2906;2410;1631;1713;930;933;891;343;1388;297;;;;412;;;;;;;;;;;;;;;;
Goirle;G0785;10971;Tilburg;K17;17785;9784;4;11;9769;2132;1448;1445;1141;1420;856;698;;358;;206;44;;;;;;;;;;;21;;;;;;;;
Gorinchem;G0512;10942;Dordrecht;K14;25645;13947;39;17;13891;2922;2626;1403;1765;1695;1103;661;756;280;336;273;;;;;;;40;31;;;;;;;;;;;;
Gouda;G0513;10302;Leiden;K15;52553;32072;93;46;31933;5114;5949;3109;4463;3024;2742;2402;1928;670;1618;739;;;;;;;150;25;;;;;;;;;;;;
Graafstroom;G0693;10451;Dordrecht;K14;7003;4871;6;6;4859;618;299;1373;350;185;93;94;715;61;1015;50;;;;;;;3;3;;;;;;;;;;;;
Graft-De Rijp;G0365;11417;Den Helder;K11;4935;3363;5;1;3357;1008;516;472;434;300;243;145;;92;;72;9;;58;;;;;;;;;;;8;;;;;;
Grave;G0786;10165;'s-Hertogenbosch;K18;9545;5412;8;2;5402;1134;702;990;736;906;329;263;;157;;145;31;;;;;;;;;;;9;;;;;;;;
Groesbeek;G0241;10616;Nijmegen;K6;15058;8032;14;5;8013;1189;1528;1545;1103;1021;530;597;59;188;10;196;;;;;;;;;;25;;;;;;;22;;;
Groningen;G0014;10426;Groningen;K1;151634;88617;86;145;88386;11167;21369;5544;4746;12229;12404;9928;4765;986;;2271;;;;;2977;;;;;;;;;;;;;;;
Grootegast;G0015;11080;Groningen;K1;9112;5284;6;4;5274;635;758;1684;448;412;164;168;769;64;;76;;;;;96;;;;;;;;;;;;;;;
Gulpen-Wittem;G1729;11032;Maastricht;K19;11710;6797;10;13;6774;806;872;1757;1326;599;296;497;46;339;;145;;;;;;91;;;;;;;;;;;;;;
Haaksbergen;G0158;11435;Zwolle;K4;18767;10868;16;9;10843;2052;1703;2781;1159;823;750;353;96;995;12;111;;;;;;;;;;;;;;;;8;;;;
Haaren;G0788;11155;'s-Hertogenbosch;K18;10488;5793;5;9;5779;1302;557;1568;626;573;410;363;;185;;155;30;;;;;;;;;;;10;;;;;;;;
Haarlem;G0392;10357;Haarlem;K10;113441;66211;141;79;65991;11669;14390;4354;6286;7275;9419;7035;;980;;2015;1047;;1368;;;;;;;;;;;153;;;;;;
Haarlemmerliede en Spaarnwoude;G0393;10508;Haarlem;K10;4133;2606;4;2;2600;730;354;364;348;166;281;156;;59;;54;30;;54;;;;;;;;;;;4;;;;;;
Haarlemmermeer;G0394;11387;Haarlem;K10;103921;59241;104;53;59084;18012;8423;6663;9234;3633;5463;2700;;947;;1264;1804;;876;;;;;;;;;;;65;;;;;;
Halderberge;G1655;10397;Tilburg;K17;22730;11164;21;7;11136;2431;1410;1983;2141;1161;694;410;;621;;181;75;;;;;;;;;;;29;;;;;;;;
Hardenberg;G0160;10174;Zwolle;K4;44649;26261;33;16;26212;3734;3683;7524;2330;1723;951;796;4185;522;494;257;;;;;;;;;;;;;;;;13;;;;
Harderwijk;G0243;10786;Arnhem;K7;33661;19780;52;15;19713;4176;2463;3860;2225;1273;1220;898;2355;296;543;321;;;;;;;;;;42;;;;;;;25;;16;
Hardinxveld-Giessendam;G0523;10167;Dordrecht;K14;13069;8564;9;7;8548;997;890;1367;964;377;145;128;1556;131;1918;57;;;;;;;13;5;;;;;;;;;;;;
Haren;G0017;11058;Groningen;K1;14321;10721;11;5;10705;2441;1988;1355;583;928;1199;1022;676;102;;214;;;;;197;;;;;;;;;;;;;;;
Harenkarspel;G0395;10963;Den Helder;K11;11921;6717;9;2;6706;1672;960;1305;852;557;481;355;;122;;163;54;;175;;;;;;;;;;;10;;;;;;
Harlingen;G0072;10909;Leeuwarden;K2;12233;7209;10;8;7191;1198;1823;827;858;943;243;403;327;238;;;;252;;;31;;;;44;;;;;;;;;;;4
Hattem;G0244;10673;Arnhem;K7;9002;5963;3;3;5957;993;1171;1001;355;312;364;240;1187;105;146;62;;;;;;;;;;14;;;;;;;4;;3;
Heemskerk;G0396;10679;Haarlem;K10;29879;16391;32;22;16337;3327;2949;2046;2263;1655;1427;1221;;351;;374;245;;448;;;;;;;;;;;31;;;;;;
Heemstede;G0397;11288;Haarlem;K10;19941;13997;21;9;13967;4926;1877;1590;1011;770;1965;1006;;205;;272;152;;163;;;;;;;;;;;30;;;;;;
Heerde;G0246;10291;Arnhem;K7;14281;8897;17;7;8873;1440;1524;1996;767;439;369;311;1387;160;311;141;;;;;;;;;;15;;;;;;;5;;8;
Heerenveen;G0074;10680;Leeuwarden;K2;33685;20115;42;28;20045;3110;5940;2327;1581;1711;1245;1181;903;242;;;;1464;;;109;;;;204;;;;;;;;;;;28
Heerhugowaard;G0398;10752;Den Helder;K11;38395;20567;48;23;20496;4909;3541;2477;2807;2236;1726;1067;;331;;400;436;;543;;;;;;;;;;;23;;;;;;
Heerlen;G0917;10902;Maastricht;K19;70827;32440;81;36;32323;3843;5180;4159;6829;6671;1461;1463;309;1340;;620;;;;;;448;;;;;;;;;;;;;;
Heeze-Leende;G1658;10462;'s-Hertogenbosch;K18;11919;7145;13;8;7124;1713;741;1659;757;1016;549;367;;154;;109;43;;;;;;;;;;;16;;;;;;;;
Heiloo;G0399;10793;Den Helder;K11;17411;11665;9;11;11645;3250;1889;1460;1050;858;1347;866;;231;;321;125;;232;;;;;;;;;;;16;;;;;;
Hellendoorn;G0163;10806;Zwolle;K4;27542;16137;23;6;16108;2291;2091;5574;1493;1269;834;661;1162;425;108;193;;;;;;;;;;;;;;;;7;;;;
Hellevoetsluis;G0530;11078;Dordrecht;K14;30462;14672;33;24;14615;3605;2367;945;3002;1765;803;513;311;564;69;417;;;;;;;235;19;;;;;;;;;;;;
Helmond;G0794;10932;'s-Hertogenbosch;K18;64128;29447;57;33;29357;5780;4225;4023;5036;4815;1908;1705;;994;;467;194;;;;;;;;;;;210;;;;;;;;
Hendrik-Ido-Ambacht;G0531;10416;Dordrecht;K14;20434;11297;20;13;11264;2317;1319;1313;1470;789;554;276;775;328;1894;197;;;;;;;28;4;;;;;;;;;;;;
Hengelo;G0164;10907;Zwolle;K4;61224;34356;61;25;34270;5454;6909;5252;3461;5153;3148;2189;908;1120;83;525;;;;;;;;;;;;;;;;68;;;;
Het Bildt;G0063;10128;Leeuwarden;K2;8036;4792;8;3;4781;606;1096;1070;402;442;109;200;203;46;;;;529;;;17;;;;57;;;;;;;;;;;4
Heumen;G0252;10600;Nijmegen;K6;12491;8051;11;6;8034;1719;1242;1422;646;1050;865;686;71;146;1;144;;;;;;;;;;22;;;;;;;20;;;
Heusden;G0797;10307;'s-Hertogenbosch;K18;32947;16834;28;9;16797;3914;1984;3114;2529;2010;1275;830;;599;;306;199;;;;;;;;;;;37;;;;;;;;
Hillegom;G0534;11236;Leiden;K15;15662;9345;19;6;9320;2676;1184;1381;1377;769;788;490;123;188;67;227;;;;;;;48;2;;;;;;;;;;;;
Hilvarenbeek;G0798;11297;Tilburg;K17;11544;6749;9;7;6733;1446;754;1691;748;817;492;369;;216;;155;37;;;;;;;;;;;8;;;;;;;;
Hilversum;G0402;11285;Haarlem;K10;63564;38221;81;21;38119;9271;6346;3092;4084;4129;4861;2775;;1009;;913;1234;;359;;;;;;;;;;;46;;;;;;
Hof van Twente;G1735;10076;Zwolle;K4;27388;17220;18;16;17186;3847;3258;4861;1494;1248;1104;535;226;382;61;159;;;;;;;;;;;;;;;;11;;;;
Hoogeveen;G0118;10839;Assen;K3;42340;23480;29;17;23434;3343;4705;5822;2715;2256;865;755;2041;361;403;;;;;;;;;;;;150;;;;;18;;;;
Hoogezand-Sappemeer;G0018;10410;Groningen;K1;27066;13879;10;12;13857;1984;3988;1094;1434;1987;758;786;751;380;;317;;;;;378;;;;;;;;;;;;;;;
Hoorn;G0405;11392;Den Helder;K11;53013;28905;38;40;28827;6422;5833;2464;3634;3562;2648;1685;;590;;751;387;;809;;;;;;;;;;;42;;;;;;
Horst aan de Maas;G1507;11108;Venlo;K191;31663;17566;28;29;17509;2943;1410;5236;2776;2990;651;734;88;447;;160;;;;;;74;;;;;;;;;;;;;;
Houten;G0321;10230;Utrecht;K8;34797;22077;19;13;22045;5019;2795;2775;2353;1854;2375;1889;1375;450;631;412;;;;;;;;;;;;;79;;38;;;;;
Huizen;G0406;11170;Haarlem;K10;31828;19690;23;13;19654;5477;2624;2525;2185;1281;1737;1124;;331;;388;1662;;299;;;;;;;;;;;21;;;;;;
Hulst;G0677;11408;Middelburg;K16;20319;10640;15;12;10613;1856;1814;2173;1719;1185;306;264;63;255;16;184;;;;778;;;;;;;;;;;;;;;;
IJsselstein;G0353;10152;Utrecht;K8;25110;13959;26;15;13918;3572;2109;1702;1986;1299;1241;777;343;382;190;234;;;;;;;;;;;;;55;;28;;;;;
Kaag en Braassem;G1884;10349;Leiden;K15;19709;12084;16;11;12057;3474;1149;2673;1728;954;801;561;136;275;65;200;;;;;;;40;1;;;;;;;;;;;;
Kampen;G0166;10253;Zwolle;K4;37185;23701;32;13;23656;2305;2890;5122;1947;2166;920;1181;3623;405;2820;261;;;;;;;;;;;;;;;;16;;;;
Kapelle;G0678;11223;Middelburg;K16;9211;6141;3;5;6133;1142;838;1067;555;451;254;162;379;114;867;93;;;;211;;;;;;;;;;;;;;;;
Katwijk;G0537;10707;Leiden;K15;46004;25347;47;30;25270;4391;1938;6046;3239;1381;936;682;2811;420;2936;362;;;;;;;109;19;;;;;;;;;;;;
Kerkrade;G0928;10313;Maastricht;K19;36105;15734;25;24;15685;1459;3327;2305;3994;2119;388;665;101;730;;324;;;;;;273;;;;;;;;;;;;;;
Koggenland;G1598;10354;Den Helder;K11;16591;9844;16;11;9817;2542;1139;2258;1239;724;589;425;;351;;203;70;;267;;;;;;;;;;;10;;;;;;
Kollumerland en Nieuwkruisland;G0079;10984;Leeuwarden;K2;9971;5663;5;16;5642;625;800;1553;523;373;115;147;584;46;;;;788;;;29;;;;40;;;;;;;;;;;19
Korendijk;G0588;10914;Dordrecht;K14;8344;5101;9;5;5087;986;503;654;676;364;196;179;221;109;1061;113;;;;;;;25;0;;;;;;;;;;;;
Krimpen aan den IJssel;G0542;10859;Leiden;K15;21940;13523;20;7;13496;2405;1960;1423;1830;931;694;462;843;351;2150;201;;;;;;;241;5;;;;;;;;;;;;
Laarbeek;G1659;10173;'s-Hertogenbosch;K18;16556;8742;16;4;8722;1724;973;2011;1191;1459;398;571;;238;;111;36;;;;;;;;;;;10;;;;;;;;
Landerd;G1685;10276;'s-Hertogenbosch;K18;11389;6481;9;7;6465;1237;712;1725;816;1000;299;268;;201;;170;26;;;;;;;;;;;11;;;;;;;;
Landgraaf;G0882;11335;Maastricht;K19;30325;14433;20;16;14397;1446;1938;2118;3451;2219;473;627;122;602;;300;;;;;;1101;;;;;;;;;;;;;;
Landsmeer;G0415;11225;Den Helder;K11;8022;5131;5;0;5126;1391;964;330;791;428;559;342;;61;;124;51;;78;;;;;;;;;;;7;;;;;;
Langedijk;G0416;10955;Den Helder;K11;20215;11854;15;11;11828;3043;1686;1875;1416;979;956;728;;241;;255;382;;247;;;;;;;;;;;20;;;;;;
Lansingerland;G1621;10139;Leiden;K15;38726;22140;26;20;22094;6375;2145;3686;3232;1310;1743;901;1381;507;303;402;;;;;;;100;9;;;;;;;;;;;;
Laren;G0417;10649;Haarlem;K10;8462;5834;17;4;5813;2744;545;608;530;311;527;234;;120;;106;34;;45;;;;;;;;;;;9;;;;;;
Leek;G0022;10604;Groningen;K1;14764;8950;13;11;8926;1469;2110;1444;671;846;493;484;973;121;;110;;;;;205;;;;;;;;;;;;;;;
Leerdam;G0545;10685;Dordrecht;K14;15358;8763;14;7;8742;1585;1215;1275;1250;552;774;209;602;167;897;123;;;;;;;80;13;;;;;;;;;;;;
Leeuwarden;G0080;11228;Leeuwarden;K2;73729;40785;61;67;40657;5337;12254;3840;3337;4733;2846;3318;1890;685;;;;1906;;;150;;;;263;;;;;;;;;;;98
Leeuwarderadeel;G0081;10851;Leeuwarden;K2;7973;5371;12;6;5353;662;1405;832;334;394;222;207;266;61;;;;748;;;14;;;;203;;;;;;;;;;;5
Leiden;G0546;10702;Leiden;K15;88637;54436;126;91;54219;8645;10177;3200;5087;6866;10240;6151;1116;682;213;1597;;;;;;;186;59;;;;;;;;;;;;
Leiderdorp;G0547;10058;Leiden;K15;20095;12621;19;7;12595;3214;1974;1404;1406;1213;1466;924;273;272;142;251;;;;;;;41;15;;;;;;;;;;;;
Leidschendam-Voorburg;G1916;11103;Leiden;K15;54949;32656;63;51;32542;8843;4688;4038;4197;2649;3564;1909;555;1028;145;820;;;;;;;79;27;;;;;;;;;;;;
Lelystad;G0995;11110;Lelystad;K5;54854;28459;59;35;28365;6407;5354;2172;4546;2999;1845;1706;1261;1011;210;826;;;;;;;;;;;;;;;;;;28;;
Lemsterland;G0082;10142;Leeuwarden;K2;10205;6066;7;4;6055;1219;1203;1039;693;509;286;197;258;93;;;;326;;;19;;;;211;;;;;;;;;;;2
Leudal;G1640;10840;Venlo;K191;28333;15725;24;23;15678;3345;1217;3796;3027;1514;686;770;99;572;;216;;;;;;436;;;;;;;;;;;;;;
Leusden;G0327;10978;Utrecht;K8;21782;14750;19;21;14710;4039;1899;2107;1305;1126;1379;949;867;325;293;291;;;;;;;;;;;;;110;;20;;;;;
Liesveld;G0694;11205;Dordrecht;K14;7149;4831;6;9;4816;830;536;1029;472;207;124;73;674;86;708;56;;;;;;;16;5;;;;;;;;;;;;
Lingewaal;G0733;11376;Nijmegen;K6;8284;5112;7;1;5104;1051;708;963;777;310;230;157;458;83;276;82;;;;;;;;;;6;;;;;;;3;;;
Lingewaard;G1705;10744;Arnhem;K7;34965;18450;26;28;18396;4060;2899;3407;2175;2053;1688;1123;149;461;25;282;;;;;;;;;;40;;;;;;;10;;24;
Lisse;G0553;10197;Leiden;K15;17043;10483;15;5;10463;2826;986;1873;1384;817;844;377;263;207;623;189;;;;;;;69;5;;;;;;;;;;;;
Littenseradiel;G0140;10422;Leeuwarden;K2;8199;5609;6;8;5595;731;1127;1239;280;357;169;325;161;43;;;;1113;;;18;;;;27;;;;;;;;;;;5
Lochem;G0262;11263;Arnhem;K7;26106;17540;25;12;17503;4913;3428;2783;1195;1235;1717;1146;266;304;29;330;;;;;;;;;;80;;;;;;;60;;17;
Loon op Zand;G0809;11259;Tilburg;K17;17896;9140;14;10;9116;1985;1113;1880;1508;1012;523;442;;310;;194;117;;;;;;;;;;;32;;;;;;;;
Lopik;G0331;10333;Utrecht;K8;10387;6448;12;10;6426;1172;458;1831;1024;303;210;126;529;111;543;93;;;;;;;;;;;;;12;;14;;;;;
Loppersum;G0024;10934;Groningen;K1;8090;5232;3;6;5223;580;1104;1060;312;593;227;420;569;76;;107;;;;;175;;;;;;;;;;;;;;;
Losser;G0168;11166;Zwolle;K4;17623;8887;13;5;8869;1461;1423;2546;1079;818;595;338;98;389;12;106;;;;;;;;;;;;;;;;4;;;;
Maasdonk;G1671;10370;'s-Hertogenbosch;K18;8542;4201;5;6;4190;759;351;1267;635;614;214;134;;137;;47;20;;;;;;;;;;;12;;;;;;;;
Maasdriel;G0263;10341;Nijmegen;K6;18094;10277;19;6;10252;1892;963;3278;1824;731;409;459;92;203;206;163;;;;;;;;;;29;;;;;;;3;;;
Maasgouw;G1641;10964;Venlo;K191;19516;10380;23;15;10342;1970;914;2720;2250;924;372;420;61;429;;185;;;;;;97;;;;;;;;;;;;;;
Maassluis;G0556;10880;Dordrecht;K14;24363;13333;31;21;13281;2851;2378;1860;2184;1249;891;422;495;425;121;290;;;;;;;67;48;;;;;;;;;;;;
Maastricht;G0935;10182;Maastricht;K19;91974;46023;89;69;45865;6254;8634;6125;7596;4917;4550;3830;374;2254;;1006;;;;;;325;;;;;;;;;;;;;;
Marum;G0025;11431;Groningen;K1;7940;4571;4;2;4565;828;971;859;485;405;207;190;404;61;;77;;;;;78;;;;;;;;;;;;;;;
Medemblik;G0420;11215;Den Helder;K11;32261;17959;22;15;17922;4416;2275;3364;2495;1463;1125;714;;614;;372;589;;471;;;;;;;;;;;24;;;;;;
Meerssen;G0938;10494;Maastricht;K19;15468;8671;22;9;8640;1510;1082;1705;1629;908;502;478;42;454;;143;;;;;;187;;;;;;;;;;;;;;
Menameradiel;G1908;11144;Leeuwarden;K2;10521;6762;6;8;6748;873;1748;1188;489;489;243;366;247;90;;;;839;;;10;;;;159;;;;;;;;;;;7
Menterwolde;G1987;11282;Groningen;K1;9731;5400;6;4;5390;707;1502;461;575;917;254;396;219;103;;97;;;;;159;;;;;;;;;;;;;;;
Meppel;G0119;11204;Assen;K3;24875;14999;30;20;14949;3015;3556;2019;1436;1482;1137;845;1001;273;55;;;;;;;;;;;;115;;;;;15;;;;
Middelburg;G0687;10122;Middelburg;K16;36260;22157;22;19;22116;3216;4342;2615;1823;2209;1362;1445;1475;387;2153;527;;;;562;;;;;;;;;;;;;;;;
Middelharnis;G0559;11067;Dordrecht;K14;13958;8301;16;9;8276;1386;991;1023;1026;610;277;204;713;182;1675;135;;;;;;;50;4;;;;;;;;;;;;
Midden-Delfland;G1842;10130;Dordrecht;K14;13508;8429;12;4;8413;2231;759;2157;966;557;642;430;324;148;48;120;;;;;;;30;1;;;;;;;;;;;;
Midden-Drenthe;G1731;10520;Assen;K3;26100;16570;22;18;16530;3214;4146;2941;1497;1393;868;911;822;224;76;;;;;;;;;;;;423;;;;;15;;;;
Mill en Sint Hubert;G0815;10535;'s-Hertogenbosch;K18;8507;4693;5;2;4686;753;426;1458;660;870;185;151;;75;;79;17;;;;;;;;;;;12;;;;;;;;
Millingen aan de Rijn;G0265;10072;Nijmegen;K6;4555;2380;5;1;2374;411;614;301;279;393;136;110;14;64;1;46;;;;;;;;;;3;;;;;;;2;;;
Moerdijk;G1709;10046;Tilburg;K17;28231;14658;19;14;14625;3235;1784;2604;2249;1958;718;628;;513;;319;578;;;;;;;;;;;39;;;;;;;;
Montferland;G1955;10350;Arnhem;K7;27328;13936;20;6;13910;2725;2296;3446;1912;1460;765;474;112;403;16;237;;;;;;;;;;42;;;;;;;7;;15;
Montfoort;G0335;10033;Utrecht;K8;9931;6607;9;1;6597;1611;548;1155;824;337;385;524;390;145;381;74;;;;;;;;;;;;;209;;14;;;;;
Mook en Middelaar;G0944;10271;Venlo;K191;6138;3917;5;5;3907;947;584;540;323;462;376;347;14;86;;69;;;;;;159;;;;;;;;;;;;;;
Muiden;G0424;10958;Haarlem;K10;4883;3285;10;0;3275;877;549;400;339;181;529;192;;73;;64;24;;46;;;;;;;;;;;1;;;;;;
Naarden;G0425;10187;Haarlem;K10;12432;8564;12;4;8548;3329;1012;886;663;397;1130;594;;146;;180;135;;66;;;;;;;;;;;10;;;;;;
Neder-Betuwe;G1740;10916;Nijmegen;K6;16255;10521;11;5;10505;1464;1502;1240;1246;412;295;176;503;119;3436;95;;;;;;;;;;4;;;;;;;13;;;
Nederlek;G0643;10050;Leiden;K15;10958;6809;5;4;6800;1542;1125;765;989;621;336;212;256;188;525;181;;;;;;;58;2;;;;;;;;;;;;
Nederweert;G0946;10681;Venlo;K191;13078;7323;7;12;7304;1353;669;2361;1407;750;223;198;26;178;;85;;;;;;54;;;;;;;;;;;;;;
Neerijnen;G0304;10125;Nijmegen;K6;8810;5554;7;3;5544;1208;796;858;832;322;227;140;177;99;782;91;;;;;;;;;;4;;;;;;;8;;;
Niedorp;G0412;10923;Den Helder;K11;9172;5243;5;3;5235;1379;901;701;695;515;385;244;;97;;152;31;;129;;;;;;;;;;;6;;;;;;
Nieuwegein;G0356;10374;Utrecht;K8;47123;25166;41;25;25100;5109;4220;2420;4028;3222;1943;1438;727;1127;135;532;;;;;;;;;;;;;138;;61;;;;;
Nieuwkoop;G0569;10728;Leiden;K15;20646;12050;17;8;12025;3329;983;2890;1790;802;766;419;337;276;239;154;;;;;;;35;5;;;;;;;;;;;;
Nieuw-Lekkerland;G0571;10547;Dordrecht;K14;6735;4442;1;2;4439;408;491;481;476;245;109;73;661;75;1362;54;;;;;;;3;1;;;;;;;;;;;;
Nijkerk;G0267;10446;Arnhem;K7;29665;18405;21;2;18382;3791;1771;4226;2243;929;861;588;1867;317;1524;197;;;;;;;;;;41;;;;;;;16;;11;
Nijmegen;G0268;11209;Nijmegen;K6;127794;72897;140;94;72663;8839;14820;5775;5321;12573;10723;10340;895;1468;69;1499;;;;;;;;;;219;;;;;;;122;;;
Noord-Beveland;G1695;10250;Middelburg;K16;5951;3738;8;1;3729;836;576;651;452;343;175;120;105;58;207;83;;;;123;;;;;;;;;;;;;;;;
Noordenveld;G1699;10699;Assen;K3;24222;15626;19;10;15597;3288;4193;1648;1468;1463;1152;1099;700;329;49;;;;;;;;;;;;191;;;;;17;;;;
Noordoostpolder;G0171;10144;Lelystad;K5;33402;19914;35;13;19866;4269;2450;4728;1822;1519;943;766;1922;369;810;265;;;;;;;;;;;;;;;;;;3;;
Noordwijk;G0575;10769;Leiden;K15;19449;11534;14;18;11502;3575;1339;1720;1742;979;821;556;213;230;46;226;;;;;;;49;6;;;;;;;;;;;;
Noordwijkerhout;G0576;11134;Leiden;K15;11808;7246;13;12;7221;2163;700;1385;1130;556;479;375;66;190;10;143;;;;;;;22;2;;;;;;;;;;;;
Nuenen, Gerwen en Nederwetten;G0820;10761;'s-Hertogenbosch;K18;17255;10522;16;5;10501;2693;1198;1821;1060;1283;1131;703;;334;;161;105;;;;;;;;;;;12;;;;;;;;
Nunspeet;G0302;10512;Arnhem;K7;19953;13630;20;5;13605;2003;792;2444;1262;510;366;221;1969;140;3697;161;;;;;;;;;;19;;;;;;;13;;8;
Nuth;G0951;10104;Maastricht;K19;12598;7385;5;13;7367;1080;982;1590;1502;676;281;469;42;372;;137;;;;;;236;;;;;;;;;;;;;;
Oegstgeest;G0579;10287;Leiden;K15;16436;11660;12;16;11632;3484;1627;1184;882;858;1799;963;320;171;50;262;;;;;;;26;6;;;;;;;;;;;;
Oirschot;G0823;10225;'s-Hertogenbosch;K18;13771;7612;12;16;7584;1505;839;2068;981;974;442;302;;300;;127;32;;;;;;;;;;;14;;;;;;;;
Oisterwijk;G0824;10103;Tilburg;K17;19778;11102;17;7;11078;2829;1249;2292;1266;1236;903;635;;353;;216;87;;;;;;;;;;;12;;;;;;;;
Oldambt;G1895;10453;Groningen;K1;31404;17142;31;26;17085;2142;5239;1736;1734;2729;655;689;797;252;;357;;;;;755;;;;;;;;;;;;;;;
Oldebroek;G0269;11106;Arnhem;K7;17179;10086;14;5;10067;975;1003;2239;856;395;241;179;2296;137;1645;80;;;;;;;;;;3;;;;;;;7;;11;
Oldenzaal;G0173;11100;Zwolle;K4;24587;13566;27;15;13524;2624;2334;2881;1317;1479;1300;807;109;465;19;154;;;;;;;;;;;;;;;;35;;;;
Olst-Wijhe;G1773;10409;Zwolle;K4;13331;8007;12;2;7993;1458;1827;1810;623;734;535;490;158;169;42;140;;;;;;;;;;;;;;;;7;;;;
Ommen;G0175;11069;Zwolle;K4;13489;8863;7;7;8849;1527;929;2721;699;502;508;274;1255;174;132;115;;;;;;;;;;;;;;;;13;;;;
Onderbanken;G0881;10492;Maastricht;K19;6335;3320;6;5;3309;498;592;540;830;393;87;105;36;140;;57;;;;;;31;;;;;;;;;;;;;;
Oost Gelre;G1586;11094;Arnhem;K7;22948;12831;10;13;12808;2713;1844;4001;1224;1238;822;401;91;270;19;112;;;;;;;;;;48;;;;;;;6;;19;
Oosterhout;G0826;11280;Tilburg;K17;41288;21157;36;16;21105;5187;2973;2917;3418;2402;1746;1169;;712;;376;153;;;;;;;;;;;52;;;;;;;;
Oostflakkee;G0580;10714;Dordrecht;K14;8175;4661;9;2;4650;790;742;577;767;382;130;114;381;125;463;100;;;;;;;79;0;;;;;;;;;;;;
Ooststellingwerf;G0085;10836;Leeuwarden;K2;20371;12163;23;17;12123;1934;3035;1970;1216;1238;517;768;639;189;;;;272;;;96;;;;241;;;;;;;;;;;8
Oostzaan;G0431;11303;Den Helder;K11;6979;4392;5;2;4385;1113;797;289;841;382;324;305;;59;;93;79;;98;;;;;;;;;;;5;;;;;;
Opmeer;G0432;10609;Den Helder;K11;8603;4877;5;4;4868;1145;612;1180;644;342;295;159;;201;;90;32;;161;;;;;;;;;;;7;;;;;;
Opsterland;G0086;10005;Leeuwarden;K2;22855;14101;12;20;14069;1995;3611;2086;973;1367;671;802;1330;128;;;;915;;;57;;;;134;;;;;;;;;;;0
Oss;G0828;10834;'s-Hertogenbosch;K18;64218;31904;59;27;31818;6270;4215;5250;4034;6307;2541;1536;;1020;;449;152;;;;;;;;;;;44;;;;;;;;
Oud-Beijerland;G0584;11301;Dordrecht;K14;17855;10101;11;8;10082;2104;1228;1195;1284;886;645;543;570;254;1083;200;;;;;;;85;5;;;;;;;;;;;;
Oude IJsselstreek;G1509;10260;Arnhem;K7;30648;17014;27;24;16963;3266;3128;3901;1913;2032;1076;598;257;422;28;269;;;;;;;;;;44;;;;;;;8;;21;
Ouder-Amstel;G0437;10998;Haarlem;K10;9856;6593;11;7;6575;1863;1015;743;684;421;850;520;;106;;142;134;;88;;;;;;;;;;;9;;;;;;
Ouderkerk;G0644;10095;Leiden;K15;6136;4018;6;3;4009;721;529;531;518;212;163;105;368;59;719;63;;;;;;;21;0;;;;;;;;;;;;
Oudewater;G0589;10188;Utrecht;K8;7419;4559;9;6;4544;1117;371;1150;647;217;223;150;244;103;182;67;;;;;;;;;;;;;15;;58;;;;;
Overbetuwe;G1734;11188;Arnhem;K7;34310;19146;29;9;19108;4135;2789;3413;2049;2013;1781;1023;691;387;472;278;;;;;;;;;;40;;;;;;;19;;18;
Papendrecht;G0590;10427;Dordrecht;K14;24384;13206;13;15;13178;2792;1833;1705;1943;1232;822;430;939;438;734;263;;;;;;;43;4;;;;;;;;;;;;
Peel en Maas;G1894;10205;Venlo;K191;33284;17453;22;22;17409;3202;1562;4796;3831;1492;580;798;72;547;;188;;;;;;341;;;;;;;;;;;;;;
Pekela;G0765;10848;Groningen;K1;10021;5096;16;6;5074;433;1577;491;656;1012;123;205;216;90;;91;;;;;180;;;;;;;;;;;;;;;
Pijnacker-Nootdorp;G1926;10031;Leiden;K15;34731;19856;34;19;19803;5344;2116;3111;2913;1406;1984;1227;539;384;223;458;;;;;;;80;18;;;;;;;;;;;;
Purmerend;G0439;11066;Den Helder;K11;60654;32165;72;30;32063;7246;6211;1911;6269;3639;2479;1585;;571;;799;325;;990;;;;;;;;;;;38;;;;;;
Putten;G0273;11109;Arnhem;K7;17825;11562;14;3;11545;2165;711;2930;1309;391;361;254;1770;147;1324;141;;;;;;;;;;24;;;;;;;5;;13;
Raalte;G0177;10279;Zwolle;K4;28255;16758;20;12;16726;2860;2316;6260;1163;1228;1226;697;338;439;24;163;;;;;;;;;;;;;;;;12;;;;
Reimerswaal;G0703;10077;Middelburg;K16;15289;10113;15;3;10095;1188;941;1183;1175;554;173;122;630;182;3571;94;;;;282;;;;;;;;;;;;;;;;
Renkum;G0274;11325;Arnhem;K7;24782;16427;26;11;16390;3831;2891;2127;1294;1427;2057;1403;401;319;130;404;;;;;;;;;;63;;;;;;;23;;20;
Renswoude;G0339;10269;Utrecht;K8;3430;2324;4;4;2316;516;85;746;256;71;38;24;108;25;422;19;;;;;;;;;;;;;4;;2;;;;;
Reusel-De Mierden;G1667;10162;'s-Hertogenbosch;K18;9893;4797;7;4;4786;871;472;1326;637;788;210;174;;186;;91;21;;;;;;;;;;;10;;;;;;;;
Rheden;G0275;11355;Arnhem;K7;34821;21414;29;16;21369;4266;4308;2561;2114;2769;2103;1550;552;401;79;526;;;;;;;;;;91;;;;;;;30;;19;
Rhenen;G0340;10309;Utrecht;K8;14216;9262;11;4;9247;1865;1032;1298;1211;511;559;419;397;135;1632;160;;;;;;;;;;;;;16;;12;;;;;
Ridderkerk;G0597;10646;Dordrecht;K14;35816;19233;31;12;19190;3018;2672;2134;3173;1797;899;510;1156;897;2281;369;;;;;;;266;18;;;;;;;;;;;;
Rijnwaarden;G0196;10819;Arnhem;K7;8508;4077;2;4;4071;624;776;813;724;503;214;148;35;129;0;69;;;;;;;;;;27;;;;;;;4;;5;
Rijnwoude;G1672;11257;Leiden;K15;14182;9246;11;21;9214;2134;964;1813;1166;800;617;347;406;158;624;142;;;;;;;40;3;;;;;;;;;;;;
Rijssen-Holten;G1742;10358;Zwolle;K4;27288;18579;29;7;18543;2379;1964;3647;1357;575;556;267;2277;219;5157;128;;;;;;;;;;;;;;;;17;;;;
Rijswijk;G0603;11133;Dordrecht;K14;36692;20420;44;27;20349;4432;3166;2106;3766;1851;1882;1133;358;811;102;608;;;;;;;104;30;;;;;;;;;;;;
Roerdalen;G1669;10196;Venlo;K191;16707;9032;10;8;9014;1537;1054;1867;2230;800;319;413;47;376;;167;;;;;;204;;;;;;;;;;;;;;
Roermond;G0957;11313;Venlo;K191;42418;20906;35;35;20836;5308;2791;2569;3976;1999;1256;1428;133;744;;415;;;;;;217;;;;;;;;;;;;;;
Roosendaal;G1674;10407;Tilburg;K17;58755;29055;64;26;28965;6045;4380;4293;5646;3417;2025;1293;;1003;;565;228;;;;;;;;;;;70;;;;;;;;
Rotterdam;G0599;10345;Rotterdam;K13;440770;198251;791;271;197189;30233;48124;12126;32334;22198;19116;13531;4909;5565;1866;5240;;;;;;;761;1186;;;;;;;;;;;;
Rozendaal;G0277;10684;Arnhem;K7;1158;982;2;0;980;447;97;104;61;45;115;61;14;11;3;18;;;;;;;;;;2;;;;;;;1;;1;
Rucphen;G0840;11152;Tilburg;K17;18253;7237;23;5;7209;1311;889;1174;2324;551;310;185;;267;;163;28;;;;;;;;;;;7;;;;;;;;
Schagen;G0441;10511;Den Helder;K11;14621;8369;11;2;8356;2056;1674;903;893;1001;673;414;;194;;180;86;;263;;;;;;;;;;;19;;;;;;
Schermer;G0458;10308;Den Helder;K11;4037;2624;3;2;2619;766;399;440;311;188;207;94;;71;;61;22;;53;;;;;;;;;;;7;;;;;;
Scherpenzeel;G0279;11146;Arnhem;K7;6887;4758;6;0;4752;1029;341;982;517;136;165;93;380;60;1010;32;;;;;;;;;;4;;;;;;;1;;2;
Schiedam;G0606;11260;Dordrecht;K14;55522;25773;73;46;25654;4026;5414;2106;4932;3339;2114;1350;485;860;153;693;;;;;;;64;118;;;;;;;;;;;;
Schiermonnikoog;G0088;10355;Leeuwarden;K2;751;529;1;0;528;107;113;91;43;51;37;46;15;3;;;;9;;;1;;;;11;;;;;;;;;;;1
Schijndel;G0844;11178;'s-Hertogenbosch;K18;17867;8425;17;6;8402;1594;1112;1631;1135;1484;548;395;;303;;144;31;;;;;;;;;;;25;;;;;;;;
Schinnen;G0962;10132;Maastricht;K19;10440;6214;13;8;6193;991;822;1331;1158;787;291;327;63;250;;96;;;;;;77;;;;;;;;;;;;;;
Schoonhoven;G0608;10980;Leiden;K15;9067;5494;12;10;5472;1247;867;803;679;437;402;239;344;119;173;146;;;;;;;15;1;;;;;;;;;;;;
Schouwen-Duiveland;G1676;10843;Middelburg;K16;26964;17136;31;13;17092;4023;2282;2430;2026;1235;707;552;701;313;1914;368;;;;541;;;;;;;;;;;;;;;;
's-Gravenhage;G0518;11434;'s-Gravenhage;K12;339695;171149;642;248;170259;34133;37661;10957;24660;15702;20490;12009;2982;3747;935;5167;;;;;;;342;1474;;;;;;;;;;;;
's-Hertogenbosch;G0796;10054;'s-Hertogenbosch;K18;108126;56943;138;63;56742;11678;8626;5875;7247;8645;5949;5422;;1561;;1122;446;;;;;;;;;;;171;;;;;;;;
Simpelveld;G0965;10515;Maastricht;K19;8484;4555;8;10;4537;441;791;1118;1055;458;157;138;25;213;;75;;;;;;66;;;;;;;;;;;;;;
Sint Anthonis;G1702;11415;'s-Hertogenbosch;K18;9004;5628;12;11;5605;979;366;1978;489;1180;213;201;;94;;73;19;;;;;;;;;;;13;;;;;;;;
Sint-Michielsgestel;G0845;10496;'s-Hertogenbosch;K18;21526;11670;6;24;11640;2619;1429;2201;1316;1619;1127;627;;432;;177;70;;;;;;;;;;;23;;;;;;;;
Sint-Oedenrode;G0846;10399;'s-Hertogenbosch;K18;13646;7626;12;12;7602;1562;825;2108;850;1163;436;313;;223;;75;39;;;;;;;;;;;8;;;;;;;;
Sittard-Geleen;G1883;11230;Maastricht;K19;74648;38517;53;53;38411;4961;5319;7695;8077;4739;1903;2419;301;1371;;739;;;;;;887;;;;;;;;;;;;;;
Skarsterlân;G0051;10022;Leeuwarden;K2;20915;13169;13;10;13146;1999;2668;2495;986;597;477;509;455;183;;;;2640;;;43;;;;84;;;;;;;;;;;10
Sliedrecht;G0610;11331;Dordrecht;K14;18323;10288;18;9;10261;1370;1317;1251;1259;907;362;232;1060;273;2040;168;;;;;;;17;5;;;;;;;;;;;;
Slochteren;G0040;10747;Groningen;K1;11939;7239;12;11;7216;1146;1585;919;693;862;359;351;850;120;;139;;;;;192;;;;;;;;;;;;;;;
Sluis;G1714;10895;Middelburg;K16;18110;10205;20;7;10178;1836;1503;1550;1275;755;370;279;136;156;97;119;;;;2102;;;;;;;;;;;;;;;;
Smallingerland;G0090;10405;Leeuwarden;K2;42305;25620;33;34;25553;2978;6320;4110;2091;2411;1068;1156;3090;298;;;;1672;;;107;;;;240;;;;;;;;;;;12
Soest;G0342;11021;Utrecht;K8;34431;21871;61;23;21787;6403;2717;2826;2836;1507;1951;1280;744;594;329;466;;;;;;;;;;;;;52;;82;;;;;
Someren;G0847;10203;'s-Hertogenbosch;K18;14182;7469;13;9;7447;1899;722;1987;1091;824;324;229;;214;;103;38;;;;;;;;;;;16;;;;;;;;
Son en Breugel;G0848;10549;'s-Hertogenbosch;K18;11712;6927;5;4;6918;1986;665;1293;650;715;589;436;;384;;113;73;;;;;;;;;;;14;;;;;;;;
Spijkenisse;G0612;10735;Dordrecht;K14;56188;24333;46;24;24263;4407;4454;1634;5495;3431;1264;861;661;1085;187;674;;;;;;;93;17;;;;;;;;;;;;
Stadskanaal;G0037;10610;Groningen;K1;25917;13693;15;8;13670;1338;3471;2813;1351;1536;404;318;1636;271;;187;;;;;345;;;;;;;;;;;;;;;
Staphorst;G0180;11362;Zwolle;K4;11285;8280;9;6;8265;806;455;1490;645;149;163;99;1548;61;2798;47;;;;;;;;;;;;;;;;4;;;;
Stede Broec;G0532;11337;Den Helder;K11;16176;8851;19;9;8823;1963;1269;1396;1430;1000;559;336;;316;;194;138;;212;;;;;;;;;;;10;;;;;;
Steenbergen;G0851;10731;Tilburg;K17;18266;8609;16;6;8587;1888;1137;1447;1715;876;490;251;;317;;199;251;;;;;;;;;;;16;;;;;;;;
Steenwijkerland;G1708;10546;Zwolle;K4;33485;20525;29;18;20478;4112;3954;4189;2031;1649;1133;943;1504;428;216;306;;;;;;;;;;;;;;;;13;;;;
Stein;G0971;11319;Maastricht;K19;20733;10834;25;16;10793;1342;1275;2053;2900;1381;453;462;49;519;;185;;;;;;174;;;;;;;;;;;;;;
Stichtse Vecht;G1904;10191;Utrecht;K8;47832;28574;35;22;28517;7755;3752;3732;3675;2006;2670;1617;894;930;726;565;;;;;;;;;;;;;133;;62;;;;;
Strijen;G0617;10558;Dordrecht;K14;6960;3913;4;1;3908;896;511;603;602;322;150;174;248;114;163;105;;;;;;;19;1;;;;;;;;;;;;
Súdwest-Fryslân;G1900;11421;Leeuwarden;K2;62905;37809;54;35;37720;5629;8288;8034;3085;2602;1582;1722;1592;572;;;;4205;;;71;;;;277;;;;;;;;;;;61
Ten Boer;G0009;10891;Groningen;K1;5545;3695;8;0;3687;415;815;600;219;370;188;236;602;45;;60;;;;;137;;;;;;;;;;;;;;;
Terneuzen;G0715;10704;Middelburg;K16;41103;21649;35;11;21603;3181;4083;2936;3223;1682;725;547;1214;444;1137;282;;;;2149;;;;;;;;;;;;;;;;
Terschelling;G0093;11210;Leeuwarden;K2;3812;2333;1;4;2328;625;431;377;258;140;106;257;39;34;;;;41;;;10;;;;9;;;;;;;;;;;1
Texel;G0448;10237;Den Helder;K11;10525;6946;3;7;6936;1550;1299;1245;778;677;446;442;;105;;127;154;;107;;;;;;;;;;;6;;;;;;
Teylingen;G1525;10017;Leiden;K15;26411;16607;25;30;16552;5180;1833;2887;1939;1219;1673;826;310;307;40;277;;;;;;;57;4;;;;;;;;;;;;
Tholen;G0716;10376;Middelburg;K16;18883;11461;16;2;11443;1568;1284;1267;1516;833;226;139;767;145;3193;217;;;;288;;;;;;;;;;;;;;;;
Tiel;G0281;10027;Nijmegen;K6;30240;15306;35;28;15243;3528;3157;1440;2442;1259;1030;1108;327;436;135;332;;;;;;;;;;40;;;;;;;9;;;
Tilburg;G0855;10792;Tilburg;K17;156958;73005;162;113;72730;13066;12407;8177;9402;10702;8266;5995;;2539;;1533;505;;;;;;;;;;;138;;;;;;;;
Tubbergen;G0183;10694;Zwolle;K4;15709;9025;10;8;9007;1464;650;4938;835;346;294;160;61;164;14;79;;;;;;;;;;;;;;;;2;;;;
Twenterand;G1700;10643;Zwolle;K4;25405;13894;21;10;13863;1375;2014;4427;1267;733;455;290;2154;300;691;153;;;;;;;;;;;;;;;;4;;;;
Tynaarlo;G1730;10002;Assen;K3;25134;16857;22;14;16821;3950;4274;1635;1291;1418;1600;1391;742;298;31;;;;;;;;;;;;166;;;;;25;;;;
Tytsjerksteradiel;G0737;11241;Leeuwarden;K2;24550;15632;17;16;15599;1815;3210;3372;1255;1035;503;937;1066;162;;;;2071;;;38;;;;126;;;;;;;;;;;9
Ubbergen;G0282;10408;Nijmegen;K6;7352;4637;6;4;4627;787;823;814;334;612;446;522;38;105;2;119;;;;;;;;;;22;;;;;;;3;;;
Uden;G0856;11141;'s-Hertogenbosch;K18;30982;16607;26;18;16563;3667;1797;3250;2273;2885;1193;702;;421;;267;78;;;;;;;;;;;30;;;;;;;;
Uitgeest;G0450;11238;Den Helder;K11;9537;5786;10;4;5772;1456;948;706;702;561;630;377;;94;;126;40;;118;;;;;;;;;;;14;;;;;;
Uithoorn;G0451;11206;Haarlem;K10;20742;12549;7;13;12529;3927;1787;1458;1805;945;1094;677;;234;;246;172;;179;;;;;;;;;;;5;;;;;;
Urk;G0184;10783;Lelystad;K5;11797;7172;11;7;7154;159;31;1315;515;53;11;5;1740;17;3297;11;;;;;;;;;;;;;;;;;;0;;
Utrecht;G0344;10722;Utrecht;K8;231344;137409;323;218;136868;22492;26961;8468;10531;12379;23674;23210;2930;1841;483;3223;;;;;;;;;;;;;392;;284;;;;;
Utrechtse Heuvelrug;G1581;10777;Utrecht;K8;37274;25509;59;19;25431;6909;3084;3414;2343;1825;2429;2077;834;490;1278;619;;;;;;;;;;;;;93;;36;;;;;
Vaals;G0981;10007;Maastricht;K19;6234;2904;8;4;2892;342;505;558;664;297;106;144;25;154;;70;;;;;;27;;;;;;;;;;;;;;
Valkenburg aan de Geul;G0994;11077;Maastricht;K19;13757;7743;19;4;7720;1264;818;1690;1638;678;537;357;50;420;;147;;;;;;121;;;;;;;;;;;;;;
Valkenswaard;G0858;11031;'s-Hertogenbosch;K18;24202;12357;12;21;12324;2361;1755;2407;2033;1659;770;550;;500;;168;94;;;;;;;;;;;27;;;;;;;;
Veendam;G0047;11292;Groningen;K1;22020;11821;13;6;11802;1672;3745;1070;1183;1634;574;603;504;211;;206;;;;;400;;;;;;;;;;;;;;;
Veenendaal;G0345;11052;Utrecht;K8;45855;28337;54;27;28256;5092;2990;4443;3757;1637;1280;869;4019;402;3406;281;;;;;;;;;;;;;45;;35;;;;;
Veere;G0717;10369;Middelburg;K16;16882;11901;9;1;11891;2381;1528;2066;1025;632;430;421;603;192;1858;260;;;;495;;;;;;;;;;;;;;;;
Veghel;G0860;10985;'s-Hertogenbosch;K18;27886;14718;28;20;14670;3091;1605;3635;1959;2162;886;589;;441;;213;57;;;;;;;;;;;32;;;;;;;;
Veldhoven;G0861;10071;'s-Hertogenbosch;K18;33683;17376;27;22;17327;3736;2073;2898;2419;2627;1449;898;;709;;273;209;;;;;;;;;;;36;;;;;;;;
Velsen;G0453;10620;Haarlem;K10;51092;28025;30;24;27971;5995;5369;2677;4178;2834;2646;1575;;632;;697;710;;615;;;;;;;;;;;43;;;;;;
Venlo;G0983;10477;Venlo;K191;75039;38527;79;65;38383;8004;5046;5460;9194;3624;1917;2504;250;1122;;484;;;;;;778;;;;;;;;;;;;;;
Venray;G0984;11222;Venlo;K191;32233;16958;30;25;16903;2854;2044;4353;2559;2250;967;855;92;684;;188;;;;;;57;;;;;;;;;;;;;;
Vianen;G0620;10887;Utrecht;K8;14990;8539;17;7;8515;1829;1293;1212;1290;822;577;362;274;251;352;205;;;;;;;;;;;;;36;;12;;;;;
Vlaardingen;G0622;10811;Dordrecht;K14;54226;26968;67;30;26871;4338;4701;2539;4902;3673;2023;1574;854;911;603;599;;;;;;;106;48;;;;;;;;;;;;
Vlagtwedde;G0048;11249;Groningen;K1;12865;7033;17;5;7011;907;1790;1293;916;807;223;263;251;176;;172;;;;;213;;;;;;;;;;;;;;;
Vlieland;G0096;10211;Leeuwarden;K2;863;506;0;0;506;206;118;21;35;37;28;25;6;15;;;;10;;;2;;;;3;;;;;;;;;;;0
Vlissingen;G0718;10270;Middelburg;K16;34237;17397;34;18;17345;2836;3434;1837;2504;2091;915;762;633;529;466;412;;;;926;;;;;;;;;;;;;;;;
Vlist;G0623;11174;Leiden;K15;7491;4974;3;2;4969;1191;513;930;574;285;254;154;252;82;609;92;;;;;;;33;0;;;;;;;;;;;;
Voerendaal;G0986;11341;Maastricht;K19;10160;5841;5;9;5827;849;801;1409;1019;602;374;250;32;326;;97;;;;;;68;;;;;;;;;;;;;;
Voorschoten;G0626;10537;Leiden;K15;17516;11920;15;16;11889;3373;1405;1495;1121;948;1416;1159;200;236;46;263;;;;;;;219;8;;;;;;;;;;;;
Voorst;G0285;10912;Arnhem;K7;18733;11360;18;6;11336;2819;1977;2460;1001;816;821;514;192;260;238;181;;;;;;;;;;37;;;;;;;8;;12;
Vught;G0865;11224;'s-Hertogenbosch;K18;19359;11119;17;10;11092;2959;1477;1427;1017;1438;1286;895;;317;;199;62;;;;;;;;;;;15;;;;;;;;
Waalre;G0866;10959;'s-Hertogenbosch;K18;12477;7881;16;6;7859;2253;838;1249;880;820;853;482;;263;;135;67;;;;;;;;;;;19;;;;;;;;
Waalwijk;G0867;11359;Tilburg;K17;35806;17957;39;26;17892;3862;2123;2933;2953;1953;1094;926;;596;;311;1057;;;;;;;;;;;84;;;;;;;;
Waddinxveen;G0627;10081;Leiden;K15;19304;13599;25;46;13528;2979;1581;1977;1823;936;823;467;1237;291;1131;223;;;;;;;54;6;;;;;;;;;;;;
Wageningen;G0289;11010;Arnhem;K7;26212;17300;24;21;17255;2254;3361;1639;825;1567;3295;2756;767;179;201;312;;;;;;;;;;54;;;;;;;30;;15;
Wassenaar;G0629;10164;Leiden;K15;17733;11925;27;13;11885;5292;858;1658;1411;579;969;377;111;297;41;250;;;;;;;38;4;;;;;;;;;;;;
Waterland;G0852;10983;Den Helder;K11;13342;9213;4;5;9204;2123;1357;1497;1271;768;788;730;;229;;181;94;;149;;;;;;;;;;;17;;;;;;
Weert;G0988;11081;Venlo;K191;37611;20153;37;30;20086;4669;3023;3390;3838;2391;975;618;123;659;;279;;;;;;121;;;;;;;;;;;;;;
Weesp;G0457;10773;Haarlem;K10;13691;7894;24;14;7856;1738;1476;729;971;775;1001;555;;116;;169;105;;213;;;;;;;;;;;8;;;;;;
Werkendam;G0870;10078;Tilburg;K17;20069;11688;22;5;11661;1774;1034;2931;1626;740;339;321;;192;;135;2547;;;;;;;;;;;22;;;;;;;;
West Maas en Waal;G0668;10042;Nijmegen;K6;14276;7910;11;5;7894;1895;1002;1727;1144;987;417;295;42;233;7;122;;;;;;;;;;16;;;;;;;7;;;
Westerveld;G1701;10186;Assen;K3;15365;10327;15;9;10303;2628;2515;1332;949;940;664;670;218;203;28;;;;;;;;;;;;150;;;;;6;;;;
Westervoort;G0293;11085;Arnhem;K7;11841;6399;9;12;6378;1101;1324;813;872;946;504;365;144;150;6;129;;;;;;;;;;17;;;;;;;2;;5;
Westland;G1783;11418;Dordrecht;K14;75325;42871;58;71;42742;11823;3330;10581;7234;2276;1870;1125;1447;1066;770;621;;;;;;;565;34;;;;;;;;;;;;
Weststellingwerf;G0098;11322;Leeuwarden;K2;20320;11669;31;19;11619;2318;2888;1800;1352;1148;455;672;335;253;;;;249;;;55;;;;88;;;;;;;;;;;6
Westvoorne;G0614;10009;Dordrecht;K14;11013;6533;5;3;6525;2317;900;703;1094;516;376;163;104;140;33;149;;;;;;;28;2;;;;;;;;;;;;
Wierden;G0189;10676;Zwolle;K4;17985;11466;9;8;11449;2245;1038;3774;1118;525;613;269;1081;273;405;103;;;;;;;;;;;;;;;;5;;;;
Wieringen;G0462;11277;Den Helder;K11;6766;3756;6;3;3747;914;563;284;664;419;158;96;;28;;75;46;;499;;;;;;;;;;;1;;;;;;
Wieringermeer;G0463;10239;Den Helder;K11;9424;5345;4;4;5337;1274;673;990;747;441;280;157;;73;;95;237;;368;;;;;;;;;;;2;;;;;;
Wijchen;G0296;10723;Nijmegen;K6;30988;16808;16;18;16774;3377;2680;3066;2145;2209;1461;841;133;488;10;297;;;;;;;;;;44;;;;;;;23;;;
Wijdemeren;G1696;10534;Haarlem;K10;18004;11635;19;8;11608;3992;1300;1640;1354;819;1015;579;;233;;267;247;;156;;;;;;;;;;;6;;;;;;
Wijk bij Duurstede;G0352;10760;Utrecht;K8;17629;10632;19;16;10597;2670;1214;1373;1327;1264;814;803;251;206;434;213;;;;;;;;;;;;;18;;10;;;;;
Winsum;G0053;11135;Groningen;K1;10650;7308;3;11;7294;873;1895;1132;387;781;367;627;823;106;;133;;;;;170;;;;;;;;;;;;;;;
Winterswijk;G0294;11119;Arnhem;K7;22131;12504;17;12;12475;3194;2808;1784;998;1710;803;489;239;223;17;169;;;;;;;;;;25;;;;;;;4;;12;
Woensdrecht;G0873;10602;Tilburg;K17;16379;8057;8;5;8044;1639;960;1840;1651;742;387;228;;268;;257;53;;;;;;;;;;;19;;;;;;;;
Woerden;G0632;10974;Utrecht;K8;36995;23583;28;22;23533;5493;2580;4557;2554;1655;1934;1393;1344;493;938;422;;;;;;;;;;;;;117;;53;;;;;
Wormerland;G0880;10648;Den Helder;K11;12126;7437;14;8;7415;1658;1312;703;893;1066;575;527;;148;;195;144;;172;;;;;;;;;;;22;;;;;;
Woudenberg;G0351;11398;Utrecht;K8;8831;6119;11;2;6106;1214;488;1174;544;342;251;162;452;93;1284;76;;;;;;;;;;;;;18;;8;;;;;
Woudrichem;G0874;10282;Tilburg;K17;11063;6641;8;4;6629;1046;607;2113;652;488;206;205;;93;;87;1123;;;;;;;;;;;9;;;;;;;;
Zaanstad;G0479;11044;Den Helder;K11;109316;59284;148;53;59083;10412;13526;4129;8770;7095;5099;3982;;1051;;1679;1199;;2019;;;;;;;;;;;122;;;;;;
Zaltbommel;G0297;10557;Nijmegen;K6;19455;12022;16;3;12003;2113;1541;1824;1282;794;650;555;884;180;1963;167;;;;;;;;;;43;;;;;;;7;;;
Zandvoort;G0473;10910;Haarlem;K10;13228;7581;19;6;7556;2674;939;479;1365;494;558;309;;93;;260;24;;350;;;;;;;;;;;11;;;;;;
Zederik;G0707;10618;Dordrecht;K14;9981;6908;8;4;6896;1088;717;1793;697;317;179;131;767;80;1042;65;;;;;;;18;2;;;;;;;;;;;;
Zeevang;G0478;11121;Den Helder;K11;4806;3327;1;2;3324;1059;497;286;539;237;242;193;;91;;95;24;;58;;;;;;;;;;;3;;;;;;
Zeewolde;G0050;10012;Lelystad;K5;14756;9275;14;5;9256;2925;731;1258;1083;647;587;543;946;145;204;174;;;;;;;;;;;;;;;;;;13;;
Zeist;G0355;10324;Utrecht;K8;45613;28825;51;28;28746;7263;4594;3061;3037;2183;3152;2487;1047;525;653;659;;;;;;;;;;;;;49;;36;;;;;
Zevenaar;G0299;10938;Arnhem;K7;25464;13840;21;8;13811;2754;2592;2589;1650;1685;1050;638;133;366;15;261;;;;;;;;;;46;;;;;;;16;;16;
Zijpe;G0476;10004;Den Helder;K11;8850;5347;9;8;5330;1488;949;786;659;467;333;198;;128;;110;68;;135;;;;;;;;;;;9;;;;;;
Zoetermeer;G0637;10766;Leiden;K15;92819;48335;85;65;48185;10789;8074;4152;7878;5513;4391;2459;1445;1397;645;1205;;;;;;;192;45;;;;;;;;;;;;
Zoeterwoude;G0638;11074;Leiden;K15;6299;3946;5;3;3938;864;434;900;451;389;373;247;50;79;38;105;;;;;;;6;2;;;;;;;;;;;;
Zuidhorn;G0056;10021;Groningen;K1;13781;9715;10;6;9699;1159;1653;1926;554;943;535;659;1777;114;;162;;;;;217;;;;;;;;;;;;;;;
Zuidplas;G1892;10855;Leiden;K15;30355;18099;15;10;18074;4434;2125;2330;2396;1506;1228;616;1155;365;1499;309;;;;;;;98;13;;;;;;;;;;;;
Zundert;G0879;11192;Tilburg;K17;16024;8039;20;8;8011;1974;812;1894;1429;730;400;271;;263;;179;51;;;;;;;;;;;8;;;;;;;;
Zutphen;G0301;10254;Arnhem;K7;35718;21466;47;27;21392;3527;5193;1908;1511;2896;2254;1999;698;396;45;636;;;;;;;;;;275;;;;;;;39;;15;
Zwartewaterland;G1896;10746;Zwolle;K4;15716;10212;9;4;10199;999;1178;2231;702;436;235;169;1839;166;2177;64;;;;;;;;;;;;;;;;3;;;;
Zwijndrecht;G0642;10468;Dordrecht;K14;34402;18048;53;25;17970;3540;2614;2394;2806;1703;1105;596;1215;556;1020;332;;;;;;;73;16;;;;;;;;;;;;
Zwolle;G0193;10093;Zwolle;K4;91905;54878;75;43;54760;7981;11947;6693;3587;5525;5675;4456;6188;1007;527;986;;;;;;;;;;;;;;;;188;;;;
