Party,Statistic,Type,Coeff,pval_coeff,r2,Lilliefors,Durbin-Watson,Linearity,Heteroscedasticity,Model_score
D66,JongerDan5Jaar_13,votes_sqrt,-0.0364,0.0,0.1792,0.0,0.824,0.9641855004574296,3.489567817729547e-08,3
PVV,JongerDan5Jaar_13,votes_div,0.8227,0.0,0.0077,0.0,0.5356,0.08184827270963756,0.2184351906568823,3
CDA,JongerDan5Jaar_13,votes_log,0.1696,0.0,0.1097,0.0,1.1185,5.753208798323406e-05,0.14937427011011953,3
SP,JongerDan5Jaar_13,votes,-0.0118,0.0,0.0615,0.0,0.7528,2.617566206117071e-13,6.173711051376937e-11,2
PvdA,JongerDan5Jaar_13,votes_div,1.2729,0.0,0.0064,0.0,1.6673,0.0,2.0127629547689085e-31,2
Groenlinks,JongerDan5Jaar_13,votes_div,16.3925,0.0,0.0255,0.0,1.9254,2.3713537557660938e-208,1.1533565236208613e-10,2
FvD,JongerDan5Jaar_13,votes,0.0,0.9966,0.0,0.0,0.3012,0.7926381472075498,0.5927817912278892,2
PvdD,JongerDan5Jaar_13,votes,-0.0054,0.0,0.1608,0.0,0.7506,9.26490707861881e-06,0.1220473875482585,3
CU,JongerDan5Jaar_13,votes_square,0.0037,0.0,0.0893,0.0,1.6026,3.339924885355222e-26,5.548254859034209e-23,3
SGP,JongerDan5Jaar_13,votes_square,0.0074,0.0,0.1551,0.0,1.6582,3.5444294133304595e-91,1.633727800661853e-64,3
DENK,JongerDan5Jaar_13,votes_sqrt,0.0166,0.0,0.0548,0.0,1.6072,1.6016195860586141e-15,6.980251861889373e-22,3
VijftigPlus,JongerDan5Jaar_13,votes_square,-0.0004,0.0,0.0126,0.0,1.6502,0.19070379446079888,0.1902363507079734,4
D66,k_5Tot10Jaar_14,votes,-0.0181,0.0,0.1199,0.0,0.8671,0.11168710201535947,6.862967719843502e-17,3
PVV,k_5Tot10Jaar_14,votes_log,-0.0376,0.0,0.0037,0.0,0.4943,0.4230547444057463,6.278820846413085e-08,2
CDA,k_5Tot10Jaar_14,votes_log,0.206,0.0,0.1251,0.0,1.038,2.689148900457742e-15,0.9840676255605129,3
SP,k_5Tot10Jaar_14,votes_div,5.1122,0.0,0.0789,0.0,1.2227,7.076236817803647e-241,1.2969040479430647e-28,2
PvdA,k_5Tot10Jaar_14,votes_div,1.6886,0.0,0.0088,0.0,1.6643,0.0,2.2615497504775406e-33,2
Groenlinks,k_5Tot10Jaar_14,votes,-0.0089,0.0,0.0546,0.0,1.1943,0.9929140044809014,1.0112500529585415e-25,3
FvD,k_5Tot10Jaar_14,votes,-0.0033,0.1067,0.0018,0.0,0.3025,0.8022020846899477,0.21270009189244063,2
PvdD,k_5Tot10Jaar_14,votes,-0.0066,0.0,0.2001,0.0,0.7611,7.592091274163796e-09,2.1238612550322903e-05,2
CU,k_5Tot10Jaar_14,votes_square,0.0045,0.0,0.1038,0.0,1.6168,1.3003100775618124e-45,7.136910565289623e-23,3
SGP,k_5Tot10Jaar_14,votes_square,0.0085,0.0,0.1556,0.0,1.7025,1.586685161417151e-117,2.63572260412466e-62,3
DENK,k_5Tot10Jaar_14,votes,0.0011,0.0109,0.0044,0.0,1.5485,1.1246099065999592e-08,0.2951813172811531,3
VijftigPlus,k_5Tot10Jaar_14,votes_square,-0.0004,0.0,0.0183,0.0,1.6601,0.15771900505735012,0.3045637437912722,4
D66,k_10Tot15Jaar_15,votes_sqrt,-0.0313,0.0,0.08,0.0,0.6548,0.4542399126008524,0.4554280914972725,4
PVV,k_10Tot15Jaar_15,votes,-0.0078,0.0,0.0128,0.0,0.6666,0.11432925857292103,1.3492783863753054e-36,2
CDA,k_10Tot15Jaar_15,votes,0.0484,0.0,0.1192,0.0,0.992,8.09689514098453e-17,7.987562056156116e-78,2
SP,k_10Tot15Jaar_15,votes_div,5.5009,0.0,0.0718,0.0,1.236,1.340286400188457e-267,3.123286253442791e-29,2
PvdA,k_10Tot15Jaar_15,votes_div,2.879,0.0,0.0196,0.0,1.6744,0.0,1.4305350514550244e-29,2
Groenlinks,k_10Tot15Jaar_15,votes_sqrt,-0.0294,0.0,0.1203,0.0,1.117,0.5086058696223574,1.7754926805217194e-11,3
FvD,k_10Tot15Jaar_15,votes,-0.0095,0.0,0.0149,0.0,0.3237,0.5066180294483945,0.2090315581809784,3
PvdD,k_10Tot15Jaar_15,votes_sqrt,-0.0229,0.0,0.173,0.0006,0.5486,0.1616399700186343,0.0005278394172123849,3
CU,k_10Tot15Jaar_15,votes_square,0.0053,0.0,0.1124,0.0,1.637,5.955026129665452e-59,3.7584906685287135e-24,3
SGP,k_10Tot15Jaar_15,votes_square,0.0096,0.0,0.1511,0.0,1.7803,4.871607848932774e-123,2.95818026576785e-58,3
DENK,k_10Tot15Jaar_15,votes_square,-0.0001,0.0,0.0119,0.0,1.6243,0.16999570229307556,0.009269235759698997,3
VijftigPlus,k_10Tot15Jaar_15,votes_square,-0.0003,0.0,0.0078,0.0,1.6459,0.0017999838518548948,0.998411365244351,3
D66,k_15Tot20Jaar_16,votes_div,14.2192,0.0,0.0535,0.0,1.2146,2.5221766216735533e-288,8.41505640199171e-34,2
PVV,k_15Tot20Jaar_16,votes_log,-0.1442,0.0,0.0257,0.0,0.5067,0.2208412057626812,0.088780893452885,3
CDA,k_15Tot20Jaar_16,votes,0.0135,0.0,0.0063,0.0,0.883,0.016064275568630212,0.7988937065630177,2
SP,k_15Tot20Jaar_16,votes_div,7.245,0.0,0.0808,0.0,1.3053,4.479981100907951e-255,6.611267807220773e-28,2
PvdA,k_15Tot20Jaar_16,votes_div,5.6851,0.0,0.0511,0.0,1.7365,6.466752645069299e-290,1.3729614367882841e-34,3
Groenlinks,k_15Tot20Jaar_16,votes_div,29.1727,0.0,0.0321,0.0,1.9506,5.834933524567253e-259,1.0408763696878051e-13,2
FvD,k_15Tot20Jaar_16,votes,0.0011,0.655,0.0001,0.0,0.302,0.57675903481261,0.41580528384950177,2
PvdD,k_15Tot20Jaar_16,votes,-0.0051,0.0,0.0591,0.0,0.6176,0.23473169904255275,5.526486394260908e-30,3
CU,k_15Tot20Jaar_16,votes_square,0.008,0.0,0.1699,0.0,1.731,2.0413778910321473e-92,5.589772463488671e-36,3
SGP,k_15Tot20Jaar_16,votes,0.0469,0.0,0.2016,0.0,1.6139,1.2062031526575687e-57,3.502950026967835e-105,3
DENK,k_15Tot20Jaar_16,votes,-0.0041,0.0,0.0424,0.0,1.5923,0.17338253094887235,1.8197707954654044e-11,3
VijftigPlus,k_15Tot20Jaar_16,votes_square,-0.0002,0.0031,0.0029,0.0,1.6392,0.022339249310049714,0.6540435991939748,3
D66,k_20Tot25Jaar_17,votes,0.0044,0.0,0.0161,0.0,0.7144,5.614291892941684e-47,2.3584622567054453e-08,1
PVV,k_20Tot25Jaar_17,votes_log,-0.0177,0.004,0.0019,0.0,0.5061,9.771237206502926e-20,0.16010400670200572,2
CDA,k_20Tot25Jaar_17,votes_div,0.7503,0.0,0.0718,0.0,1.0108,7.105680733078131e-08,3.581862764702782e-31,2
SP,k_20Tot25Jaar_17,votes,-0.0002,0.6231,0.0,0.0,0.7373,0.00014144044890936565,0.2140374602653741,1
PvdA,k_20Tot25Jaar_17,votes_div,1.2717,0.0,0.0104,0.0,1.7159,2.6615415958765522e-15,8.247157732583044e-11,2
Groenlinks,k_20Tot25Jaar_17,votes,0.0057,0.0,0.0503,0.0,1.1564,1.316471233840023e-112,2.6046661852312094e-40,2
FvD,k_20Tot25Jaar_17,votes,-0.0014,0.1998,0.0011,0.0,0.2988,0.00397764804257779,0.06870031605071007,1
PvdD,k_20Tot25Jaar_17,votes,0.0008,0.0,0.007,0.0,0.6658,3.171598558646389e-18,9.607850555240983e-13,1
CU,k_20Tot25Jaar_17,votes_square,0.0014,0.0,0.021,0.0,1.6923,2.971800402150522e-44,2.193545912966795e-14,2
SGP,k_20Tot25Jaar_17,votes,0.0112,0.0,0.0404,0.0,1.5589,1.472567497520327e-76,2.2639567015643544e-87,2
DENK,k_20Tot25Jaar_17,votes,0.0021,0.0,0.0595,0.0,1.583,2.750742187425939e-25,9.921652185824953e-15,3
VijftigPlus,k_20Tot25Jaar_17,votes_sqrt,-0.0037,0.0,0.0128,0.0009,0.7231,0.10598569026985509,0.8083909212015734,3
D66,k_25Tot45Jaar_18,votes_square,-0.0006,0.0,0.0635,0.0,1.1552,1.1639445275491096e-91,0.9912424855779043,3
PVV,k_25Tot45Jaar_18,votes_log,0.01,0.0002,0.0032,0.0,0.5016,2.974015636855e-48,0.3717787001524172,2
CDA,k_25Tot45Jaar_18,votes,0.0093,0.0,0.0946,0.0,1.2148,1.1189513799116125e-43,1.7787477757157396e-134,2
SP,k_25Tot45Jaar_18,votes_log,-0.0046,0.0183,0.0009,0.0,0.6968,6.298828211761685e-11,0.6078163099631568,2
PvdA,k_25Tot45Jaar_18,votes_div,-0.5783,0.0,0.0172,0.0,1.7682,0.4855470829316558,0.5605835374604811,4
Groenlinks,k_25Tot45Jaar_18,votes_div,0.067,0.8343,0.0,0.0,1.9348,2.3903491263664014e-06,0.6187182924963021,2
FvD,k_25Tot45Jaar_18,votes_div,-0.0772,0.7197,0.0001,0.0,0.2049,0.08962174625496443,0.2069018646796329,2
PvdD,k_25Tot45Jaar_18,votes,-0.001,0.0,0.0685,0.0,0.8211,4.761028860492235e-66,1.9729051431641545e-44,2
CU,k_25Tot45Jaar_18,votes_square,0.0,0.5922,0.0001,0.0,1.6563,2.0412977672954334e-21,0.07324206556673887,2
SGP,k_25Tot45Jaar_18,votes,-0.0003,0.2745,0.0003,0.0,1.5032,7.756029037331184e-37,0.30279188424934145,2
DENK,k_25Tot45Jaar_18,votes,0.0026,0.0,0.3626,0.0,1.788,6.113115113923934e-14,7.577975331808341e-25,3
VijftigPlus,k_25Tot45Jaar_18,votes_square,-0.0,0.0044,0.0026,0.0,1.6422,0.0036177275020985882,0.5803657537001469,3
D66,k_45Tot65Jaar_19,votes_log,0.0813,0.0,0.0736,0.0,0.6738,0.9304710573485678,2.122982581074268e-43,3
PVV,k_45Tot65Jaar_19,votes_log,0.0537,0.0,0.0526,0.0,0.5408,0.003322168003633034,0.433368492343031,3
CDA,k_45Tot65Jaar_19,votes,-0.0064,0.0,0.0225,0.0,1.013,7.246656514951964e-18,1.635057954038447e-35,1
SP,k_45Tot65Jaar_19,votes_sqrt,0.0085,0.0,0.0757,0.0,0.7856,0.04190765849587619,0.9081648044435584,3
PvdA,k_45Tot65Jaar_19,votes_div,-0.61,0.0,0.0096,0.0,1.6775,1.0228551602936544e-191,6.457121716699972e-27,2
Groenlinks,k_45Tot65Jaar_19,votes_div,-5.2727,0.0,0.0173,0.0,1.9287,1.4883221368776492e-135,2.0668917343044342e-09,2
FvD,k_45Tot65Jaar_19,votes_square,0.0002,0.1093,0.0018,0.0,0.6847,0.07446113438698874,0.5672128967129828,2
PvdD,k_45Tot65Jaar_19,votes_sqrt,0.0043,0.0,0.0579,0.0188,0.5716,0.9984335807354572,3.0022369105028337e-68,3
CU,k_45Tot65Jaar_19,votes,-0.0069,0.0,0.1155,0.0,1.3443,0.10717657586904744,1.163732098387747e-63,3
SGP,k_45Tot65Jaar_19,votes_square,-0.0028,0.0,0.14,0.0,1.7378,4.006292762636201e-52,1.4049649557723025e-60,3
DENK,k_45Tot65Jaar_19,votes_square,-0.0001,0.0,0.0753,0.0,1.7314,0.9912272404228356,6.519037170135195e-06,4
VijftigPlus,k_45Tot65Jaar_19,votes_square,0.0001,0.0,0.0131,0.0,1.6407,0.26656392734169876,0.25489483547434894,4
D66,k_65Tot80Jaar_20,votes,0.0057,0.0,0.1287,0.0,0.9761,0.6824991422674443,0.07426550959030619,4
PVV,k_65Tot80Jaar_20,votes,-0.001,0.0013,0.0023,0.0,0.6955,5.0796482490527634e-09,0.653254699580206,2
CDA,k_65Tot80Jaar_20,votes,-0.0129,0.0,0.1141,0.0,1.1777,0.08300938949658938,6.448846002767633e-87,3
SP,k_65Tot80Jaar_20,votes,0.0005,0.0126,0.001,0.0,0.7364,2.4355943076524008e-34,0.003320425169220372,1
PvdA,k_65Tot80Jaar_20,votes_log,-0.0667,0.0,0.1072,0.0,0.9058,8.17281337770205e-11,0.24183175668355214,3
Groenlinks,k_65Tot80Jaar_20,votes_div,-2.8148,0.0,0.0062,0.0,1.9328,2.7116377801051937e-21,0.000796664898100469,2
FvD,k_65Tot80Jaar_20,votes,0.0015,0.0149,0.0041,0.0,0.3042,0.3493684254652022,0.1839797398527066,3
PvdD,k_65Tot80Jaar_20,votes_log,0.0987,0.0,0.1797,0.0,0.601,0.6371895161785583,1.0152022158798995e-161,3
CU,k_65Tot80Jaar_20,votes,-0.0031,0.0,0.0288,0.0,1.3464,0.5721478915619234,3.598645909801573e-24,2
SGP,k_65Tot80Jaar_20,votes,-0.0041,0.0,0.0279,0.0,1.4944,0.26900279520089365,3.0528955475086512e-27,2
DENK,k_65Tot80Jaar_20,votes,-0.0021,0.0,0.1593,0.0,1.5951,8.71443649658251e-07,5.659438793976979e-21,3
VijftigPlus,k_65Tot80Jaar_20,votes_square,0.0001,0.0,0.0077,0.0,1.6531,4.0568058832860304e-05,0.7409354377488119,3
D66,k_80JaarOfOuder_21,votes,0.0138,0.0,0.1409,0.0,0.9442,0.26013873400593546,2.3274957305584513e-17,3
PVV,k_80JaarOfOuder_21,votes_sqrt,-0.01,0.0,0.0199,0.0,0.5826,2.677000752022065e-06,0.2130999819269471,2
CDA,k_80JaarOfOuder_21,votes,-0.0371,0.0,0.1742,0.0,1.2394,1.741686183298253e-47,7.089575800309897e-84,2
SP,k_80JaarOfOuder_21,votes_div,-0.7962,0.0,0.0038,0.0,1.2939,4.9113090943690176e-58,3.0453605945810124e-05,1
PvdA,k_80JaarOfOuder_21,votes_log,-0.0921,0.0,0.0379,0.0,0.7617,0.0002246776882879939,0.4738552714334584,2
Groenlinks,k_80JaarOfOuder_21,votes_square,0.0006,0.0,0.0146,0.0,1.4658,0.29111275131631037,0.363071545360957,3
FvD,k_80JaarOfOuder_21,votes_div,-1.5745,0.0044,0.0056,0.0,0.2235,0.3437551916708994,0.0010214900472988917,2
PvdD,k_80JaarOfOuder_21,votes,0.0042,0.0,0.1476,0.0,0.8493,0.39282749192381494,0.049554997355591615,3
CU,k_80JaarOfOuder_21,votes_square,-0.0013,0.0,0.0161,0.0,1.6371,0.3192307103533504,3.3010411138830436e-12,3
SGP,k_80JaarOfOuder_21,votes_square,-0.0015,0.0,0.0086,0.0,1.7528,0.8302520416159104,3.546848328966121e-08,3
DENK,k_80JaarOfOuder_21,votes,-0.0031,0.0,0.0721,0.0,1.5031,0.000958090077485023,1.442543865908777e-10,3
VijftigPlus,k_80JaarOfOuder_21,votes_square,0.0,0.6921,0.0001,0.0,1.6358,0.0005405588825396533,0.5033307272425716,2
D66,GeboorteRelatief_59,votes_sqrt,-0.0123,0.0,0.1006,0.0,0.749,0.4234276864355685,9.559924986195472e-06,3
PVV,GeboorteRelatief_59,votes,-0.0025,0.0,0.007,0.0,0.665,0.139891074618689,1.8521525277480053e-11,2
CDA,GeboorteRelatief_59,votes,0.0115,0.0,0.0521,0.0,1.0973,9.46304301349443e-05,2.480347942647256e-21,2
SP,GeboorteRelatief_59,votes_log,-0.0883,0.0,0.1035,0.0,0.7658,3.21128080260517e-38,0.5758074060305493,3
PvdA,GeboorteRelatief_59,votes_div,0.8497,0.0,0.0142,0.0,1.7107,9.653905260407458e-296,2.3568780612479968e-31,2
Groenlinks,GeboorteRelatief_59,votes,-0.0017,0.0,0.0116,0.0,1.2126,0.0736747744634112,0.7639110360453047,3
FvD,GeboorteRelatief_59,votes,-0.0004,0.7307,0.0001,0.0,0.3059,0.874914895881669,0.6490116755350421,2
PvdD,GeboorteRelatief_59,votes,-0.002,0.0,0.098,0.0,0.7092,0.157178721291717,0.5363534422085305,4
CU,GeboorteRelatief_59,votes_square,0.0017,0.0,0.0822,0.0,1.6185,1.1551743737453387e-19,3.0964512634352346e-24,3
SGP,GeboorteRelatief_59,votes_square,0.0033,0.0,0.151,0.0,1.6833,4.509096983701296e-61,1.2057970132578186e-67,3
DENK,GeboorteRelatief_59,votes_square,0.0001,0.0,0.0553,0.0,1.634,0.09175323888603555,5.541935786913653e-05,4
VijftigPlus,GeboorteRelatief_59,votes_square,-0.0001,0.0,0.0076,0.0,1.6848,0.0053372108235180595,0.6990804141038397,3
D66,SterfteRelatief_61,votes_square,0.0003,0.0,0.0041,0.0,1.0219,0.37564142505749387,0.22146219967848466,3
PVV,SterfteRelatief_61,votes_div,0.2829,0.0,0.0041,0.0,0.5284,0.3481813290706238,0.00011604998777240265,2
CDA,SterfteRelatief_61,votes,-0.009,0.0,0.0277,0.0,0.953,1.4413638830765868e-10,8.171314998129204e-13,1
SP,SterfteRelatief_61,votes_sqrt,0.0031,0.0,0.0061,0.0,0.6702,1.2158768610765613e-19,0.5921028912408617,2
PvdA,SterfteRelatief_61,votes_div,-0.595,0.0,0.0059,0.0,1.7486,2.358554730776856e-16,9.204732117970888e-08,2
Groenlinks,SterfteRelatief_61,votes,0.0021,0.0,0.0155,0.0,1.2318,0.0012881525440368114,0.9174900327843121,2
FvD,SterfteRelatief_61,votes,-0.0011,0.2735,0.0011,0.0,0.3077,0.9613044089998134,0.13750474253718925,2
PvdD,SterfteRelatief_61,votes_square,0.0001,0.0,0.0309,0.0,0.9318,0.9279056151263879,0.012587748180031636,2
CU,SterfteRelatief_61,votes_square,-0.0011,0.0,0.0308,0.0,1.6563,5.00012174976721e-07,1.2416850624891045e-13,2
SGP,SterfteRelatief_61,votes,-0.0068,0.0,0.0374,0.0,1.525,0.01645433872133606,3.4670007934672875e-27,2
DENK,SterfteRelatief_61,votes,-0.0007,0.0008,0.0101,0.0,1.5018,0.5709607430358455,0.14803843948759465,4
VijftigPlus,SterfteRelatief_61,votes,0.001,0.0,0.0124,0.0,1.1837,7.558352981680121e-10,0.6305665079769484,2
D66,GeboorteoverschotRelatief_63,votes,-0.003,0.0,0.0554,0.0,0.8323,0.0031636793586960286,1.9802581997140704e-06,2
PVV,GeboorteoverschotRelatief_63,votes_square,-0.0003,0.0,0.0053,0.0,0.9017,0.18166737987899198,1.0243845517405476e-09,2
CDA,GeboorteoverschotRelatief_63,votes,0.0074,0.0,0.0561,0.0,1.0586,0.8508629276305077,2.2674391621330905e-27,3
SP,GeboorteoverschotRelatief_63,votes_log,-0.0424,0.0,0.0625,0.0,0.7131,3.2140005569175864e-74,0.2094103854189241,3
PvdA,GeboorteoverschotRelatief_63,votes_div,0.5206,0.0,0.0139,0.0,1.7229,3.671800532652874e-195,1.3465349908843286e-24,2
Groenlinks,GeboorteoverschotRelatief_63,votes_square,-0.0001,0.0,0.0071,0.0,1.4563,0.8794416871955056,0.6013572657252618,3
FvD,GeboorteoverschotRelatief_63,votes,0.0003,0.6652,0.0002,0.0,0.3072,0.6933063842269266,0.5125018546053578,2
PvdD,GeboorteoverschotRelatief_63,votes,-0.0012,0.0,0.0927,0.0,0.6913,0.6140905469931986,0.613171882514389,4
CU,GeboorteoverschotRelatief_63,votes_square,0.001,0.0,0.0768,0.0,1.6351,2.390047786362005e-33,4.0844844391964956e-25,3
SGP,GeboorteoverschotRelatief_63,votes,0.0071,0.0,0.1314,0.0,1.5054,2.3795356593078533e-26,7.958486868757477e-94,3
DENK,GeboorteoverschotRelatief_63,votes,0.0009,0.0,0.0482,0.0,1.5408,0.1985547191809083,3.425745264486927e-07,3
VijftigPlus,GeboorteoverschotRelatief_63,votes_square,-0.0001,0.0002,0.005,0.0,1.6867,0.000103716297792515,0.9899214787033406,3
D66,ALandbouwBosbouwEnVisserij_165,votes_div,34.1683,0.0,0.0086,0.0,1.8628,0.0011482387199463673,0.8070466447574263,3
PVV,ALandbouwBosbouwEnVisserij_165,votes_square,-0.018,0.0004,0.0066,0.0,1.0886,0.15031035601990206,0.0074693183066748174,2
CDA,ALandbouwBosbouwEnVisserij_165,votes_log,4.2127,0.0,0.3473,0.0001,1.611,3.3027169115724186e-26,0.30515929677137055,4
SP,ALandbouwBosbouwEnVisserij_165,votes,0.0312,0.0642,0.0016,0.0,0.8305,0.3168331266748992,0.08670398531150107,2
PvdA,ALandbouwBosbouwEnVisserij_165,votes,-0.0562,0.0019,0.0039,0.0,0.6288,0.8784219617818513,0.5115528862460432,3
Groenlinks,ALandbouwBosbouwEnVisserij_165,votes_div,56.696,0.0373,0.0019,0.0,1.95,0.04109635701003835,0.9480430920889628,3
FvD,ALandbouwBosbouwEnVisserij_165,votes_sqrt,-0.2008,0.0006,0.0107,0.0,0.1801,0.22351668316664558,0.5216852970510234,3
PvdD,ALandbouwBosbouwEnVisserij_165,votes,-0.0816,0.0,0.1721,0.0,1.466,2.2153509959188243e-26,0.38270061065177563,3
CU,ALandbouwBosbouwEnVisserij_165,votes_square,0.0293,0.0,0.0163,0.0,1.6781,0.004510459918052468,0.23642191628826756,3
SGP,ALandbouwBosbouwEnVisserij_165,votes,0.1626,0.0005,0.0141,0.0,1.6238,3.9881335529148844e-05,4.782104859832076e-06,2
DENK,ALandbouwBosbouwEnVisserij_165,votes,-0.0844,0.0,0.1666,0.0,1.6183,1.9575362512768765e-13,7.385327706666668e-10,3
VijftigPlus,ALandbouwBosbouwEnVisserij_165,votes_div,24.6864,0.0059,0.0041,0.0,1.8267,0.6222329039584861,0.8778648239894944,4
D66,BFNijverheidEnEnergie_166,votes_sqrt,-0.8422,0.0,0.2231,0.0655,0.9222,7.03746630360109e-13,0.5779418796806314,4
PVV,BFNijverheidEnEnergie_166,votes_square,0.0534,0.0,0.0289,0.0,1.0758,0.36127670478920515,2.3536938929247535e-12,2
CDA,BFNijverheidEnEnergie_166,votes,0.3969,0.0,0.0523,0.0,1.5694,2.0042533925154992e-09,0.05430580102199335,4
SP,BFNijverheidEnEnergie_166,votes_div,26.3224,0.0028,0.0042,0.0,1.1009,1.1830736680021692e-14,0.00033884382939761463,1
PvdA,BFNijverheidEnEnergie_166,votes,-0.1681,0.0,0.0172,0.0,0.6073,0.03478708764568399,0.20549144745177497,2
Groenlinks,BFNijverheidEnEnergie_166,votes_square,-0.0708,0.0,0.1371,0.0,1.5686,1.072130216761566e-25,6.240238104240806e-16,3
FvD,BFNijverheidEnEnergie_166,votes,0.1973,0.0,0.0183,0.0,0.2868,0.6635732799502081,3.909379127726653e-10,2
PvdD,BFNijverheidEnEnergie_166,votes,-0.1157,0.0,0.1723,0.0,1.2574,1.3886585893574542e-07,0.5380301409418955,3
CU,BFNijverheidEnEnergie_166,votes_square,0.11,0.0,0.1109,0.0,1.5854,5.004666395501572e-07,1.7179935253899936e-09,3
SGP,BFNijverheidEnEnergie_166,votes,0.9271,0.0,0.2244,0.0,1.569,0.017469869643222485,4.779069835952971e-37,3
DENK,BFNijverheidEnEnergie_166,votes,-0.0426,0.0,0.022,0.0,1.5241,0.42015163121406496,0.3027899055748516,4
VijftigPlus,BFNijverheidEnEnergie_166,votes_div,33.1751,0.0106,0.0035,0.0,1.7963,1.2173631720796488e-13,8.295553888788684e-05,2
D66,GIHandelEnHoreca_167,votes_div,42.8515,0.0002,0.0057,0.0,1.8339,0.061623845388481216,0.3638178456487282,4
PVV,GIHandelEnHoreca_167,votes_log,4.3999,0.0,0.087,0.0,0.4927,2.416330913830512e-16,0.7393864328698048,3
CDA,GIHandelEnHoreca_167,votes,0.1349,0.0002,0.0052,0.0,1.5953,1.6396468219717667e-05,0.9372394445132829,3
SP,GIHandelEnHoreca_167,votes,0.3589,0.0,0.0917,0.0,0.9077,2.4794723969016664e-14,7.308156449725829e-17,2
PvdA,GIHandelEnHoreca_167,votes_div,8.6523,0.4582,0.0002,0.0,1.827,0.1030702065575799,0.26408051894551743,3
Groenlinks,GIHandelEnHoreca_167,votes_div,112.8151,0.0071,0.0032,0.0,1.9431,0.2121602947221445,0.33375838531675095,4
FvD,GIHandelEnHoreca_167,votes_div,50.6495,0.0147,0.0054,0.0,0.1958,0.733196597129667,0.13410652480296287,3
PvdD,GIHandelEnHoreca_167,votes_div,65.0878,0.0016,0.0053,0.0,1.6392,0.0008941426228858019,0.14971069717003604,3
CU,GIHandelEnHoreca_167,votes_square,0.0343,0.0008,0.0094,0.0,1.6809,0.889909563587643,0.0009971068959276433,3
SGP,GIHandelEnHoreca_167,votes,-0.0613,0.4139,0.0008,0.0,1.6321,0.028685626619978522,0.8139785830018557,2
DENK,GIHandelEnHoreca_167,votes_square,0.0005,0.3792,0.0007,0.0,1.5383,0.14330903104583076,0.7430933802657127,3
VijftigPlus,GIHandelEnHoreca_167,votes,0.0263,0.0106,0.0035,0.0,1.4496,1.5693689088355348e-07,0.3701463682556686,2
D66,HJVervoerInformatieEnCommunicatie_168,votes,0.481,0.0,0.0528,0.0,1.08,3.3129571944965936e-10,2.8185001491341304e-15,2
PVV,HJVervoerInformatieEnCommunicatie_168,votes,0.0139,0.7965,0.0,0.0,0.7457,0.8510536695872855,0.9720652156911301,2
CDA,HJVervoerInformatieEnCommunicatie_168,votes_log,-10.7889,0.0,0.2967,0.0749,1.6009,2.6255892976415405e-49,1.8818153252536568e-22,4
SP,HJVervoerInformatieEnCommunicatie_168,votes,-0.137,0.0031,0.0041,0.0,0.8352,0.9163383068928861,0.00013978118085702975,2
PvdA,HJVervoerInformatieEnCommunicatie_168,votes,0.1994,0.0001,0.0065,0.0,0.6274,0.08630619595031214,0.04686339589514513,2
Groenlinks,HJVervoerInformatieEnCommunicatie_168,votes_div,17.0926,0.8178,0.0,0.0,1.9365,0.8844731497264509,0.1716187682043478,3
FvD,HJVervoerInformatieEnCommunicatie_168,votes,0.1133,0.1795,0.0016,0.0,0.3128,0.7558374214426712,0.43144397212471874,2
PvdD,HJVervoerInformatieEnCommunicatie_168,votes_log,5.7029,0.0,0.1015,0.0,1.3705,1.2007289545589851e-11,0.1311207045134656,3
CU,HJVervoerInformatieEnCommunicatie_168,votes_square,-0.074,0.0,0.0144,0.0,1.6666,0.06571201854830862,0.0001639704967348418,3
SGP,HJVervoerInformatieEnCommunicatie_168,votes,-0.0324,0.8008,0.0001,0.0,1.6308,0.26559397812996377,0.31160746946189655,3
DENK,HJVervoerInformatieEnCommunicatie_168,votes,0.2262,0.0,0.1691,0.0,1.6506,2.1595817089390322e-05,2.4318659518331323e-12,3
VijftigPlus,HJVervoerInformatieEnCommunicatie_168,votes_div,41.9159,0.0925,0.0015,0.0,1.7936,0.4925905666677314,0.017918960323508246,2
D66,KLFinancieleDienstenOnroerendGoed_169,votes_sqrt,0.629,0.0,0.0514,0.1902,1.1174,0.7577708886585961,0.07587712553877614,5
PVV,KLFinancieleDienstenOnroerendGoed_169,votes,-0.2472,0.0,0.0161,0.0,0.7078,0.14811011430846668,4.608297485264234e-07,2
CDA,KLFinancieleDienstenOnroerendGoed_169,votes_log,-0.7379,0.0213,0.002,0.0731,1.5063,0.0006782455699636987,6.282249876414582e-15,3
SP,KLFinancieleDienstenOnroerendGoed_169,votes,-0.4612,0.0,0.0669,0.0,0.82,0.5847746165232027,8.697535906582025e-06,3
PvdA,KLFinancieleDienstenOnroerendGoed_169,votes_div,69.7925,0.0,0.0068,0.0,1.8399,0.01874056383071373,0.11975047675453152,3
Groenlinks,KLFinancieleDienstenOnroerendGoed_169,votes_div,73.1159,0.2331,0.0006,0.0,1.9394,0.30783276217879096,0.5715129578293984,3
FvD,KLFinancieleDienstenOnroerendGoed_169,votes_log,0.921,0.4185,0.0006,0.0,0.1026,0.05903893673580229,0.1051371316438011,2
PvdD,KLFinancieleDienstenOnroerendGoed_169,votes_div,68.7972,0.0227,0.0027,0.0,1.634,0.005832298626191917,0.18861023962308185,3
CU,KLFinancieleDienstenOnroerendGoed_169,votes_square,0.0086,0.5671,0.0003,0.0,1.6776,0.7519230083759292,0.16037935749239085,3
SGP,KLFinancieleDienstenOnroerendGoed_169,votes_square,0.129,0.0001,0.0173,0.0,1.8675,0.024902591987357194,0.18128105573996967,3
DENK,KLFinancieleDienstenOnroerendGoed_169,votes_square,-0.0037,0.0,0.0164,0.0,1.5157,0.7022303481717767,0.014024253723974426,3
VijftigPlus,KLFinancieleDienstenOnroerendGoed_169,votes_div,18.0849,0.376,0.0004,0.0,1.8026,0.0003726913035515821,0.25683371305168295,2
D66,MNZakelijkeDienstverlening_170,votes_sqrt,0.7239,0.0,0.3274,0.0,0.7951,0.7943588527026776,0.8226210900853473,4
PVV,MNZakelijkeDienstverlening_170,votes,-0.2094,0.0,0.0551,0.0,0.7221,6.843015067986914e-06,5.027185110148147e-09,2
CDA,MNZakelijkeDienstverlening_170,votes,-0.6128,0.0,0.2378,0.0,1.7,8.697801663754105e-15,1.503835119604181e-30,3
SP,MNZakelijkeDienstverlening_170,votes_square,-0.0366,0.0,0.0408,0.0,1.1414,0.29298068049645953,1.8897872886385122e-08,2
PvdA,MNZakelijkeDienstverlening_170,votes,0.0616,0.001,0.0044,0.0,0.6204,0.004501800533944716,0.15128149105654995,2
Groenlinks,MNZakelijkeDienstverlening_170,votes,0.3678,0.0,0.3105,0.0,1.4086,0.46736705594598116,1.2613833804462932e-24,3
FvD,MNZakelijkeDienstverlening_170,votes_div,-37.5006,0.0052,0.0071,0.0,0.193,0.0018058722547232037,1.827170061668409e-05,1
PvdD,MNZakelijkeDienstverlening_170,votes,0.1006,0.0,0.2458,0.0,1.3329,0.022246842520948613,0.20190472334187395,3
CU,MNZakelijkeDienstverlening_170,votes_square,-0.0624,0.0,0.0715,0.0,1.6144,4.530508957255833e-05,1.6538762359327088e-07,3
SGP,MNZakelijkeDienstverlening_170,votes,-0.4371,0.0,0.0987,0.0,1.5728,0.00021542435466341144,7.49583888187432e-23,3
DENK,MNZakelijkeDienstverlening_170,votes,0.0557,0.0,0.0703,0.0,1.5926,1.7246995775241285e-11,4.409109166143312e-06,3
VijftigPlus,MNZakelijkeDienstverlening_170,votes_square,-0.0046,0.0003,0.0072,0.0,1.7589,0.17915860671370365,0.021875093426240135,3
D66,RUCultuurRecreatieOverigeDiensten_171,votes_div,-137.3812,0.0,0.0173,0.0,1.8376,1.208780553620554e-21,0.0002816893516172559,2
PVV,RUCultuurRecreatieOverigeDiensten_171,votes,0.1763,0.0013,0.0054,0.0,0.7342,0.0315641436138864,1.5901643542508683e-19,1
CDA,RUCultuurRecreatieOverigeDiensten_171,votes_sqrt,-1.3597,0.0,0.1162,0.0,1.5066,0.36873360305838365,0.29813334948254666,5
SP,RUCultuurRecreatieOverigeDiensten_171,votes,0.5236,0.0,0.0597,0.0,0.7925,7.829357775553282e-11,6.431725726822167e-06,2
PvdA,RUCultuurRecreatieOverigeDiensten_171,votes_square,0.2062,0.0,0.0759,0.0,0.654,0.9439412254833994,2.04866046498185e-25,3
Groenlinks,RUCultuurRecreatieOverigeDiensten_171,votes_log,12.9097,0.0,0.2256,0.0,1.2457,6.614284264251909e-37,0.3086581155362366,3
FvD,RUCultuurRecreatieOverigeDiensten_171,votes_div,-87.1223,0.0154,0.0053,0.0,0.1897,0.017809345710929948,0.10204117618536408,2
PvdD,RUCultuurRecreatieOverigeDiensten_171,votes_sqrt,0.7674,0.0,0.2657,0.3588,1.2165,3.5584017317068637e-09,0.6339662189521057,4
CU,RUCultuurRecreatieOverigeDiensten_171,votes_div,453.3181,0.0,0.0505,0.0,1.0674,0.6247199572767732,0.020323297279061337,3
SGP,RUCultuurRecreatieOverigeDiensten_171,votes,-2.1311,0.0,0.3231,0.0,1.6905,8.62945990752145e-48,3.880259942047317e-25,3
DENK,RUCultuurRecreatieOverigeDiensten_171,votes,0.1618,0.0,0.0825,0.0,1.478,0.26811968403155634,8.172062000565785e-10,3
VijftigPlus,RUCultuurRecreatieOverigeDiensten_171,votes,0.0707,0.0001,0.0079,0.0,1.4532,4.604324305452235e-15,0.10719135589433867,2
D66,Bevolkingsdichtheid_57,votes_div,-0.0039,0.0,0.0098,0.0,1.2452,0.07688748001642819,0.45605126409536556,3
PVV,Bevolkingsdichtheid_57,votes,0.0,0.0001,0.0035,0.0,0.6849,3.648328667056697e-12,4.2982082546413345e-05,1
CDA,Bevolkingsdichtheid_57,votes_div,0.0016,0.0,0.1745,0.0,0.9881,0.8309227463666233,8.074924624546669e-96,3
SP,Bevolkingsdichtheid_57,votes_div,-0.0004,0.0453,0.0006,0.0,1.2933,0.9511181245098685,0.2021838308520495,3
PvdA,Bevolkingsdichtheid_57,votes_log,0.0,0.0025,0.0011,0.0,0.6093,0.000258638636955133,0.9217380050052953,2
Groenlinks,Bevolkingsdichtheid_57,votes_square,0.0,0.0,0.0845,0.0,1.4459,0.41306525682522777,2.6006507693456553e-38,3
FvD,Bevolkingsdichtheid_57,votes_div,-0.0012,0.035,0.0031,0.0,0.2101,0.011880226611154936,0.00030233320146449136,1
PvdD,Bevolkingsdichtheid_57,votes,0.0,0.0,0.0738,0.0,0.6466,0.06511196348573982,7.185289282077534e-15,3
CU,Bevolkingsdichtheid_57,votes_square,-0.0,0.0,0.0061,0.0,1.653,0.2022588058793323,0.23023828312547884,4
SGP,Bevolkingsdichtheid_57,votes_square,-0.0,0.0,0.0041,0.0,1.752,0.30285274345483726,0.38886381053385366,4
DENK,Bevolkingsdichtheid_57,votes,0.0,0.0,0.327,0.0,1.7399,0.00020710552210345223,9.081586459476091e-56,3
VijftigPlus,Bevolkingsdichtheid_57,votes_square,-0.0,0.5695,0.0001,0.0,1.6353,0.0728252631101472,0.24420713644648612,3
D66,Nieuwvormingen_64,votes,11.6924,0.0,0.024,0.0,0.8133,4.867368613473699e-05,0.4669995972210764,2
PVV,Nieuwvormingen_64,votes_square,2.3286,0.0,0.007,0.0,0.9025,0.1312245767293813,1.6205446172124142e-06,2
CDA,Nieuwvormingen_64,votes,-44.6294,0.0,0.0565,0.0,1.042,4.7488959355891865e-06,4.011771878507138e-20,2
SP,Nieuwvormingen_64,votes_sqrt,20.9031,0.0,0.0226,0.0,0.688,2.876582621069813e-14,0.21457758955322723,2
PvdA,Nieuwvormingen_64,votes_div,-1765.6659,0.0,0.0044,0.0,1.7434,1.0613575343216519e-24,5.531824171362798e-10,2
Groenlinks,Nieuwvormingen_64,votes_div,-15083.0305,0.0,0.0069,0.0,1.9381,2.3316735501919538e-17,0.000429437827738314,2
FvD,Nieuwvormingen_64,votes,0.4109,0.9003,0.0,0.0,0.3061,0.47289681393688543,0.8266384490774343,2
PvdD,Nieuwvormingen_64,votes,4.7997,0.0,0.0449,0.0,0.6739,0.1023167788718047,0.6626239561419752,3
CU,Nieuwvormingen_64,votes_square,-3.7715,0.0,0.0291,0.0,1.652,2.1572651549411757e-06,1.6943982203237016e-13,2
SGP,Nieuwvormingen_64,votes,-22.13,0.0,0.0329,0.0,1.5065,0.0035375547870732786,4.066271555592146e-25,2
DENK,Nieuwvormingen_64,votes_square,-0.1398,0.0004,0.0113,0.0,1.5555,0.9365445207682268,0.30420323062915994,4
VijftigPlus,Nieuwvormingen_64,votes,3.4298,0.0,0.0129,0.0,1.1732,7.049815421284923e-06,0.4092608532439803,2
D66,ZiektenVanHartEnVaatstelsel_65,votes_log,-95.3092,0.0,0.0085,0.0,0.6343,0.11055241172056722,7.153728430265042e-09,2
PVV,ZiektenVanHartEnVaatstelsel_65,votes_square,1.5439,0.0001,0.0039,0.0,0.9051,0.6794382244393848,6.860570541979744e-10,2
CDA,ZiektenVanHartEnVaatstelsel_65,votes_square,4.0188,0.0,0.0023,0.0,1.0932,0.8000966093281465,0.8568548549554148,3
SP,ZiektenVanHartEnVaatstelsel_65,votes_div,-1150.202,0.0,0.0029,0.0,1.2271,7.52970837682831e-16,0.001041847144130982,1
PvdA,ZiektenVanHartEnVaatstelsel_65,votes,26.8623,0.0,0.0637,0.0,0.7728,2.7769274348357354e-05,1.0204522080295227e-47,2
Groenlinks,ZiektenVanHartEnVaatstelsel_65,votes_div,-8074.1911,0.0,0.0032,0.0,1.9375,0.0005273629251048831,0.01939764553053891,2
FvD,ZiektenVanHartEnVaatstelsel_65,votes_log,-99.4976,0.0446,0.0037,0.0,0.1047,0.9987817855338433,0.8845455800524938,3
PvdD,ZiektenVanHartEnVaatstelsel_65,votes,-0.0543,0.833,0.0,0.0,0.6366,0.1512130651222533,0.3601686113859547,2
CU,ZiektenVanHartEnVaatstelsel_65,votes_square,-2.2631,0.0,0.0168,0.0,1.6616,0.22189302925344873,9.925754583206933e-08,3
SGP,ZiektenVanHartEnVaatstelsel_65,votes,-14.0419,0.0,0.0221,0.0,1.525,0.926196387468569,6.609953472632735e-17,3
DENK,ZiektenVanHartEnVaatstelsel_65,votes_square,-0.13,0.0006,0.0106,0.0,1.5467,0.4280027325910193,0.2012872078113852,4
VijftigPlus,ZiektenVanHartEnVaatstelsel_65,votes_square,0.0343,0.6876,0.0001,0.0,1.6743,0.008584810011572096,0.8253070309409198,2
D66,ZiektenVanAdemhalingsstelsel_66,votes,-6.212,0.0001,0.0019,0.0,0.7563,0.42858638669099947,2.911699913181051e-06,2
PVV,ZiektenVanAdemhalingsstelsel_66,votes_square,4.9895,0.0,0.0083,0.0,0.9006,0.243347656648417,2.483457185642677e-12,2
CDA,ZiektenVanAdemhalingsstelsel_66,votes,-9.2055,0.0154,0.0007,0.0,0.9268,1.9444621425035798e-07,0.0006994355160726911,1
SP,ZiektenVanAdemhalingsstelsel_66,votes_log,214.5815,0.0,0.0124,0.0,0.679,3.3485743106253007e-16,0.07206284375670838,2
PvdA,ZiektenVanAdemhalingsstelsel_66,votes,37.2404,0.0,0.0219,0.0,0.7337,0.12216444752793854,4.5846091724483597e-10,2
Groenlinks,ZiektenVanAdemhalingsstelsel_66,votes,2.9325,0.0212,0.0007,0.0,1.2034,0.12976119318194124,0.09932723984147253,3
FvD,ZiektenVanAdemhalingsstelsel_66,votes,-17.258,0.0185,0.005,0.0,0.3165,0.39005939796196687,0.14396605762310136,3
PvdD,ZiektenVanAdemhalingsstelsel_66,votes_square,-0.0693,0.0516,0.0007,0.0,0.9239,0.3151775986787083,0.06465361080506565,2
CU,ZiektenVanAdemhalingsstelsel_66,votes,-27.1868,0.0,0.0251,0.0,1.3745,0.20212543823659537,5.55034500522572e-19,2
SGP,ZiektenVanAdemhalingsstelsel_66,votes,-32.5565,0.0,0.0213,0.0,1.5126,0.41974123211445935,1.1635078421460325e-12,3
DENK,ZiektenVanAdemhalingsstelsel_66,votes_square,0.0616,0.4861,0.0004,0.0,1.5445,0.03305954933726567,0.22276471089894004,2
VijftigPlus,ZiektenVanAdemhalingsstelsel_66,votes_square,-0.2317,0.2183,0.0006,0.0,1.6756,0.15131719952925465,0.5970922033988209,3
D66,UitwendigeDoodsoorzaken_67,votes,58.4967,0.0,0.0545,0.0,0.8405,1.1471050502796239e-07,2.428405055619746e-16,2
PVV,UitwendigeDoodsoorzaken_67,votes,-39.9762,0.0,0.0164,0.0,0.6903,0.10946980815879492,0.0791838343855396,3
CDA,UitwendigeDoodsoorzaken_67,votes_sqrt,-160.239,0.0,0.0601,0.0,1.0045,1.7104086720203096e-09,0.8684441806772419,3
SP,UitwendigeDoodsoorzaken_67,votes_log,-44.1814,0.3136,0.0002,0.0,0.68,1.0273860330778936e-17,0.137415426481996,1
PvdA,UitwendigeDoodsoorzaken_67,votes_log,-424.3885,0.0,0.0178,0.0,0.7498,0.8990742958474628,0.06760711785756737,3
Groenlinks,UitwendigeDoodsoorzaken_67,votes_div,-35304.8996,0.0,0.0034,0.0,1.9398,0.010275004562093076,0.06174897456399132,3
FvD,UitwendigeDoodsoorzaken_67,votes,28.2268,0.0041,0.0075,0.0,0.3318,0.06441278550658526,0.6478429625948952,3
PvdD,UitwendigeDoodsoorzaken_67,votes_square,1.1476,0.0,0.0654,0.0,1.0166,0.3323525033340504,3.802477541222987e-11,3
CU,UitwendigeDoodsoorzaken_67,votes_square,-5.2469,0.0,0.0047,0.0,1.6561,0.5620364874970625,0.002441321254477802,3
SGP,UitwendigeDoodsoorzaken_67,votes_square,-9.5486,0.0,0.0067,0.0,1.7462,0.12067391791004255,0.0002766321808817341,3
DENK,UitwendigeDoodsoorzaken_67,votes_square,0.0501,0.6728,0.0002,0.0,1.5436,0.08049655465274803,0.17490348655198454,3
VijftigPlus,UitwendigeDoodsoorzaken_67,votes_square,0.71,0.0146,0.0022,0.0,1.6853,0.01526162462204252,0.39349646816838246,3
D66,OverigeDoodsoorzaken_68,votes_log,214.9747,0.0,0.0529,0.0,0.6895,3.2171620436710685e-19,3.0415652033695184e-07,2
PVV,OverigeDoodsoorzaken_68,votes_square,-1.274,0.0001,0.004,0.0,0.9208,0.8042665507119,0.4239109916383865,3
CDA,OverigeDoodsoorzaken_68,votes_sqrt,-35.2706,0.0,0.0637,0.0,0.9805,1.7137459902448986e-45,0.11510476847199733,3
SP,OverigeDoodsoorzaken_68,votes,1.6891,0.0296,0.0008,0.0,0.7374,5.842212610738137e-11,0.15563182724038144,2
PvdA,OverigeDoodsoorzaken_68,votes_log,-41.7424,0.0,0.0037,0.0,0.7109,0.08116702938514235,0.07704580613492161,3
Groenlinks,OverigeDoodsoorzaken_68,votes_div,-8799.903,0.0,0.0046,0.0,1.9436,0.00015505260198975392,0.023944630601739614,2
FvD,OverigeDoodsoorzaken_68,votes,-1.2638,0.6164,0.0002,0.0,0.3057,0.6298426263219699,0.29319671705863193,2
PvdD,OverigeDoodsoorzaken_68,votes_sqrt,15.9665,0.0,0.085,0.0001,0.5858,3.676497350376289e-12,0.0725755685383321,3
CU,OverigeDoodsoorzaken_68,votes,-8.1227,0.0,0.0141,0.0,1.3633,0.7543724155742444,6.050694878515099e-19,2
SGP,OverigeDoodsoorzaken_68,votes,-12.0843,0.0,0.0184,0.0,1.5035,0.13811658184719663,3.106427396643095e-13,3
DENK,OverigeDoodsoorzaken_68,votes_square,0.0147,0.6295,0.0002,0.0,1.5442,0.024246009392623582,0.41432341031259123,2
VijftigPlus,OverigeDoodsoorzaken_68,votes_square,0.1927,0.0043,0.003,0.0,1.6904,0.0005450447216796258,0.7177413859390227,3
D66,AfstandTotHuisartsenpraktijk_209,votes,-0.028,0.0,0.0631,0.0,0.9077,9.049678663439749e-18,2.9745361775824196e-31,2
PVV,AfstandTotHuisartsenpraktijk_209,votes_div,0.845,0.0115,0.0018,0.0,0.5358,0.1293669152675589,0.175944693543737,3
CDA,AfstandTotHuisartsenpraktijk_209,votes_log,0.3815,0.0,0.1073,0.3293,1.1147,2.942424476684576e-40,0.5603576088722628,4
SP,AfstandTotHuisartsenpraktijk_209,votes_sqrt,0.0029,0.3754,0.0002,0.0514,0.799,0.5693004883581125,0.06945114771631068,3
PvdA,AfstandTotHuisartsenpraktijk_209,votes_div,-1.9887,0.0022,0.0019,0.0,1.7849,0.13585957706636373,0.0022478314332009283,3
Groenlinks,AfstandTotHuisartsenpraktijk_209,votes_div,-5.1946,0.2622,0.0003,0.0,1.9401,0.17903093715411264,0.11229259451000309,3
FvD,AfstandTotHuisartsenpraktijk_209,votes,-0.0069,0.1504,0.0019,0.0,0.3126,0.9231118720243763,0.13924704740730495,2
PvdD,AfstandTotHuisartsenpraktijk_209,votes_log,-0.2241,0.0,0.0316,0.0,0.7168,9.261334985152004e-17,0.6610322877925344,2
CU,AfstandTotHuisartsenpraktijk_209,votes,0.0134,0.0,0.0093,0.0,1.5002,6.9022965853333075e-09,0.11416095933402005,3
SGP,AfstandTotHuisartsenpraktijk_209,votes_square,-0.0012,0.3166,0.0005,0.0,1.8187,0.06677772383857473,0.12163214291466579,3
DENK,AfstandTotHuisartsenpraktijk_209,votes,-0.0108,0.0,0.1177,0.0,1.6322,1.3689715956368116e-08,2.6559566307565523e-08,3
VijftigPlus,AfstandTotHuisartsenpraktijk_209,votes,-0.002,0.0154,0.0022,0.0,1.1476,0.017837468152757448,0.37936641352672296,2
D66,AantalHuisartsenpraktijkenBinnen3Km_210,votes_log,0.04,0.0,0.0699,0.0,0.7066,1.4301712983761109e-11,0.05931746425475896,3
PVV,AantalHuisartsenpraktijkenBinnen3Km_210,votes_div,0.04,0.1871,0.0005,0.0,0.5311,0.3837545221765578,0.010806214188805228,1
CDA,AantalHuisartsenpraktijkenBinnen3Km_210,votes_div,0.4157,0.0,0.2433,0.0,1.2529,0.06244348701921322,8.791085203503401e-62,3
SP,AantalHuisartsenpraktijkenBinnen3Km_210,votes_sqrt,0.0,0.9534,0.0,0.0539,0.7958,0.06520670025905395,0.6343076497538069,3
PvdA,AantalHuisartsenpraktijkenBinnen3Km_210,votes_div,-0.1367,0.0215,0.0011,0.0,1.7935,0.40905522206284706,0.9730799254298401,4
Groenlinks,AantalHuisartsenpraktijkenBinnen3Km_210,votes_div,-1.0632,0.0103,0.0014,0.0,1.945,0.5667800075632764,0.8288646781527795,4
FvD,AantalHuisartsenpraktijkenBinnen3Km_210,votes_sqrt,0.0004,0.6425,0.0002,0.0,0.1677,0.05745994049170034,0.31429620568415517,2
PvdD,AantalHuisartsenpraktijkenBinnen3Km_210,votes_square,0.0001,0.0,0.0801,0.0,0.9993,0.20638074823293784,5.998093074794686e-16,3
CU,AantalHuisartsenpraktijkenBinnen3Km_210,votes_square,-0.0003,0.0,0.013,0.0,1.703,0.0717329587391076,0.0684219738478281,4
SGP,AantalHuisartsenpraktijkenBinnen3Km_210,votes,-0.003,0.0,0.031,0.0,1.5415,3.4339458774790894e-05,3.882121478594721e-11,2
DENK,AantalHuisartsenpraktijkenBinnen3Km_210,votes,0.0016,0.0,0.3286,0.0,1.7711,0.00018487065622532883,4.414449398225736e-15,3
VijftigPlus,AantalHuisartsenpraktijkenBinnen3Km_210,votes_square,-0.0,0.3222,0.0004,0.0,1.6758,0.09989779349618676,0.3836519682729187,3
D66,AfstandTotHuisartsenpost_211,votes,-0.0018,0.0,0.0419,0.0,0.8202,1.358886410383472e-26,0.7721826767626792,2
PVV,AfstandTotHuisartsenpost_211,votes_div,0.0753,0.0217,0.0022,0.0,0.5918,0.06582398014031557,0.7088920052860783,3
CDA,AfstandTotHuisartsenpost_211,votes_div,-0.124,0.0,0.0308,0.0,1.2479,4.706858247161271e-54,0.9762367972823792,2
SP,AfstandTotHuisartsenpost_211,votes_div,0.1886,0.0007,0.0045,0.0,1.0723,0.014077250633621308,0.40575567417061253,2
PvdA,AfstandTotHuisartsenpost_211,votes_div,0.0531,0.3275,0.0003,0.0,1.8395,0.0015291745820423632,0.378813867721534,2
Groenlinks,AfstandTotHuisartsenpost_211,votes_div,1.0037,0.0388,0.0014,0.0,1.9499,0.007538782456166434,0.5016103306211899,3
FvD,AfstandTotHuisartsenpost_211,votes_log,-0.0009,0.5983,0.0004,0.237,1.27,0.45735760462698405,0.48358630104701983,3
PvdD,AfstandTotHuisartsenpost_211,votes_div,0.5242,0.0,0.006,0.0,1.4144,1.7258447562033404e-12,0.1257066859511802,2
CU,AfstandTotHuisartsenpost_211,votes,0.0008,0.0009,0.006,0.0,1.5746,2.8711119612830345e-13,4.493602575121368e-07,2
SGP,AfstandTotHuisartsenpost_211,votes,0.0028,0.0,0.0308,0.0,1.681,8.050933799365663e-13,3.30976690474483e-20,2
DENK,AfstandTotHuisartsenpost_211,votes_sqrt,-0.0033,0.0,0.1499,0.0,1.5403,8.376829441770066e-16,0.2224437453480044,4
VijftigPlus,AfstandTotHuisartsenpost_211,votes_square,-0.0,0.1618,0.0008,0.0,1.6763,0.6661125132970285,0.7955341171598416,3
D66,AfstandTotZiekenhuis_212,votes,-0.0017,0.0,0.0558,0.0,0.9189,3.545128434251341e-48,0.10259788850473084,3
PVV,AfstandTotZiekenhuis_212,votes,-0.0009,0.0,0.0102,0.0,0.7481,0.39172864023608633,3.5314557378806325e-06,2
CDA,AfstandTotZiekenhuis_212,votes_div,-0.1218,0.0,0.043,0.0,1.278,1.9085391394598564e-88,0.4471808401275984,2
SP,AfstandTotZiekenhuis_212,votes_log,-0.0064,0.0,0.0052,0.0,0.7264,0.9321562859054137,0.29661347705101804,3
PvdA,AfstandTotZiekenhuis_212,votes_div,0.1186,0.004,0.0017,0.0,1.7885,0.0003882259142344403,0.00654618590838135,2
Groenlinks,AfstandTotZiekenhuis_212,votes_div,0.6469,0.03,0.001,0.0,1.9428,0.009436177821540439,0.6509110526686499,3
FvD,AfstandTotZiekenhuis_212,votes,-0.0002,0.5113,0.0004,0.0,0.3084,0.9969846741035481,0.6655102461122464,2
PvdD,AfstandTotZiekenhuis_212,votes_square,-0.0,0.0,0.0068,0.0,1.0112,3.58852248661682e-50,0.05560669402608331,2
CU,AfstandTotZiekenhuis_212,votes_div,-0.382,0.0333,0.0016,0.0,1.0254,0.9067265387145805,0.9812808753477588,3
SGP,AfstandTotZiekenhuis_212,votes,0.0017,0.0,0.0194,0.0,1.5674,5.4864057383840065e-15,6.004145394035851e-15,2
DENK,AfstandTotZiekenhuis_212,votes_sqrt,-0.0031,0.0,0.1708,0.0,1.6875,1.0106825003666335e-25,0.06353288744606828,4
VijftigPlus,AfstandTotZiekenhuis_212,votes,-0.0001,0.0027,0.0033,0.0,1.1555,0.5988263592962272,0.3996384619215727,3
D66,AantalZiekenhuizenBinnen20Km_213,votes_log,0.0474,0.0,0.057,0.0,0.7186,2.1869770741994655e-16,0.1847267859907213,3
PVV,AantalZiekenhuizenBinnen20Km_213,votes,0.0013,0.0,0.0065,0.0,0.756,0.9095376684928619,0.4477807793807185,3
CDA,AantalZiekenhuizenBinnen20Km_213,votes_log,-0.0369,0.0,0.0693,0.0971,1.1537,0.45680261933315514,0.18679673034785874,5
SP,AantalZiekenhuizenBinnen20Km_213,votes_div,0.1474,0.0411,0.0012,0.0,1.1094,0.6785212818292584,0.05671722964029693,3
PvdA,AantalZiekenhuizenBinnen20Km_213,votes_div,-0.2059,0.0082,0.0014,0.0,1.7922,0.23889743746695022,0.031482156937151465,3
Groenlinks,AantalZiekenhuizenBinnen20Km_213,votes_div,-1.4834,0.0068,0.0016,0.0,1.944,0.06613983393113995,0.3102613168488214,4
FvD,AantalZiekenhuizenBinnen20Km_213,votes_square,0.0003,0.0331,0.0041,0.0,0.7949,0.32377217909595146,0.38313443152625426,3
PvdD,AantalZiekenhuizenBinnen20Km_213,votes,0.0006,0.0,0.0279,0.0,0.7922,0.825918955409194,0.088759255671544,3
CU,AantalZiekenhuizenBinnen20Km_213,votes_square,-0.0004,0.0,0.0133,0.0,1.7215,0.035636068058192805,0.18299546035768946,3
SGP,AantalZiekenhuizenBinnen20Km_213,votes,-0.0014,0.0011,0.0048,0.0,1.5786,0.0015709314365628987,9.599906851416725e-07,2
DENK,AantalZiekenhuizenBinnen20Km_213,votes,0.0014,0.0,0.121,0.0,1.637,0.3358546769353393,1.0944483568101952e-22,4
VijftigPlus,AantalZiekenhuizenBinnen20Km_213,votes_square,-0.0,0.6178,0.0001,0.0,1.6743,0.005895787315409133,0.5108652588149591,2
D66,AfstandTotKinderdagverblijf_214,votes_log,-0.1317,0.0,0.0607,0.0,0.8118,3.7013429229067196e-100,2.0446074314134734e-229,2
PVV,AfstandTotKinderdagverblijf_214,votes_div,-0.7197,0.0,0.0116,0.0,0.5638,3.20963563812016e-23,0.3268581129918807,2
CDA,AfstandTotKinderdagverblijf_214,votes,0.0138,0.0,0.0409,0.0,1.2121,8.101568639270151e-69,4.161974671336388e-99,1
SP,AfstandTotKinderdagverblijf_214,votes_div,-0.9069,0.0,0.0055,0.0,1.1354,7.269479424050689e-06,0.8307747039670086,2
PvdA,AfstandTotKinderdagverblijf_214,votes_div,-0.4521,0.0292,0.001,0.0,1.7951,0.2149846591574893,0.920203894176983,4
Groenlinks,AfstandTotKinderdagverblijf_214,votes_div,1.5136,0.2969,0.0002,0.0,1.9429,0.06397001797185488,0.9876715532463318,3
FvD,AfstandTotKinderdagverblijf_214,votes_square,-0.002,0.0001,0.0131,0.0,0.8193,2.464637109342808e-06,0.46274839133061063,2
PvdD,AfstandTotKinderdagverblijf_214,votes_div,2.6274,0.0,0.0065,0.0,1.2564,5.223326931899125e-14,0.35930261395996377,2
CU,AfstandTotKinderdagverblijf_214,votes_square,0.0006,0.0014,0.0036,0.0,1.719,3.148666980614859e-08,0.47941649547715015,3
SGP,AfstandTotKinderdagverblijf_214,votes,0.0072,0.0,0.0122,0.0,1.58,1.510986071227156e-10,1.8730886607184106e-12,2
DENK,AfstandTotKinderdagverblijf_214,votes,-0.0029,0.0,0.0316,0.0,1.5308,2.797691728813276e-22,0.0937616248409296,3
VijftigPlus,AfstandTotKinderdagverblijf_214,votes_div,6.4201,0.0,0.0466,0.0,1.5066,6.863197691626079e-07,0.052490906204944746,3
D66,AantalKinderdagverblijvenBinnen3Km_215,votes,0.0022,0.0,0.1596,0.0,0.8456,2.5658757756541156e-41,7.920694825106459e-37,2
PVV,AantalKinderdagverblijvenBinnen3Km_215,votes,-0.0013,0.0,0.0397,0.0,0.7989,3.554890284821547e-06,0.11012537089573018,2
CDA,AantalKinderdagverblijvenBinnen3Km_215,votes_log,-0.0315,0.0,0.271,0.1527,1.2307,1.5159601209342113e-39,0.7477572197655814,4
SP,AantalKinderdagverblijvenBinnen3Km_215,votes_div,0.1481,0.0,0.0077,0.0,1.1399,0.09557143159304661,0.5837607275874872,3
PvdA,AantalKinderdagverblijvenBinnen3Km_215,votes_div,-0.0709,0.0339,0.0009,0.0,1.7899,0.5391450117404923,0.12247579441308212,4
Groenlinks,AantalKinderdagverblijvenBinnen3Km_215,votes_div,-0.9356,0.0001,0.0036,0.0,1.947,0.010487691353419575,0.37555431418417085,3
FvD,AantalKinderdagverblijvenBinnen3Km_215,votes,0.0006,0.003,0.008,0.0,0.3422,0.0001335374886433286,0.49638515574385667,2
PvdD,AantalKinderdagverblijvenBinnen3Km_215,votes_sqrt,0.0017,0.0,0.1326,0.0,0.7515,3.3286005427682176e-16,0.5255125230958697,3
CU,AantalKinderdagverblijvenBinnen3Km_215,votes_div,-0.5038,0.0005,0.0043,0.0,1.0326,0.06430835119479186,2.2179359016795863e-09,2
SGP,AantalKinderdagverblijvenBinnen3Km_215,votes,-0.0019,0.0,0.0354,0.0,1.5318,2.156748309321513e-07,1.8689571972368724e-11,2
DENK,AantalKinderdagverblijvenBinnen3Km_215,votes_square,0.0,0.0,0.2358,0.0,1.7465,0.7163784483063559,7.534910823739275e-10,4
VijftigPlus,AantalKinderdagverblijvenBinnen3Km_215,votes_div,-0.2033,0.001,0.004,0.0,1.4488,2.2864768576601682e-12,0.10355752902349503,2
D66,AfstandTotSchoolBasisonderwijs_216,votes_log,-0.2337,0.0006,0.0022,0.0,0.5517,0.19744525245154113,3.95093600964791e-12,2
PVV,AfstandTotSchoolBasisonderwijs_216,votes_div,3.6584,0.0,0.0049,0.0,0.5302,0.08974582796359575,0.43606742860529735,3
CDA,AfstandTotSchoolBasisonderwijs_216,votes,0.1166,0.0,0.0427,0.0,1.0229,4.1544686618743904e-16,5.656336488918945e-15,1
SP,AfstandTotSchoolBasisonderwijs_216,votes_sqrt,-0.0438,0.0,0.0077,0.2562,0.7508,0.8855327873445136,0.002085058413790076,3
PvdA,AfstandTotSchoolBasisonderwijs_216,votes_log,-0.2268,0.0,0.0042,0.0,0.6877,0.5190910749124218,0.05052843409032687,3
Groenlinks,AfstandTotSchoolBasisonderwijs_216,votes_div,-34.7618,0.0008,0.0022,0.0,1.9312,8.514371497848033e-07,0.010996362172978332,2
FvD,AfstandTotSchoolBasisonderwijs_216,votes,0.0002,0.9817,0.0,0.0,0.3065,0.9311200688658486,0.07025427753241331,2
PvdD,AfstandTotSchoolBasisonderwijs_216,votes,-0.0028,0.016,0.0013,0.0,0.7563,4.055785898539599e-12,0.0006740565702026921,1
CU,AfstandTotSchoolBasisonderwijs_216,votes_square,-0.0033,0.0213,0.0015,0.0,1.661,0.002805657147128265,8.714862030740014e-05,2
SGP,AfstandTotSchoolBasisonderwijs_216,votes,-0.0486,0.0,0.0109,0.0,1.5248,0.35246831299981685,7.4927973674852516e-06,3
DENK,AfstandTotSchoolBasisonderwijs_216,votes,-0.0272,0.0,0.1617,0.0,1.5815,6.02686954659355e-23,3.265853381827004e-12,3
VijftigPlus,AfstandTotSchoolBasisonderwijs_216,votes,0.004,0.0402,0.0016,0.0,1.1583,0.2253084852138868,0.9077341350199241,3
D66,AantalBasisonderwijsscholenBinnen3Km_217,votes_div,-0.8726,0.0,0.0085,0.0,1.2065,0.14898445708431918,0.3116364942642364,3
PVV,AantalBasisonderwijsscholenBinnen3Km_217,votes,0.0002,0.408,0.0002,0.0,0.6594,0.8024073147772489,0.6809506778860028,2
CDA,AantalBasisonderwijsscholenBinnen3Km_217,votes,-0.0073,0.0,0.1289,0.0,1.0172,2.386258495660108e-10,8.56771365203695e-28,2
SP,AantalBasisonderwijsscholenBinnen3Km_217,votes_div,0.0927,0.0416,0.001,0.0,1.0818,0.07890212642909784,0.07367900940755642,3
PvdA,AantalBasisonderwijsscholenBinnen3Km_217,votes,0.001,0.0,0.0041,0.0,0.6615,1.827220929591616e-05,0.15875841219161296,2
Groenlinks,AantalBasisonderwijsscholenBinnen3Km_217,votes_log,0.0361,0.0,0.0681,0.0,0.9439,0.06643569530323393,0.13222069383445811,4
FvD,AantalBasisonderwijsscholenBinnen3Km_217,votes,0.0002,0.6432,0.0002,0.0,0.3082,0.051784203949525626,0.2414925914064561,2
PvdD,AantalBasisonderwijsscholenBinnen3Km_217,votes_log,0.021,0.0,0.0361,0.0,0.6789,0.11743006191448334,0.3892544473911481,3
CU,AantalBasisonderwijsscholenBinnen3Km_217,votes_square,-0.0,0.4997,0.0001,0.0,1.6627,2.4078085950742623e-05,0.22187357045517045,2
SGP,AantalBasisonderwijsscholenBinnen3Km_217,votes_square,-0.0004,0.0,0.0086,0.0,1.766,0.5341949684854654,0.3300397166088763,4
DENK,AantalBasisonderwijsscholenBinnen3Km_217,votes,0.0018,0.0,0.4174,0.0,1.7162,0.053150673347636485,1.6479586595742229e-24,4
VijftigPlus,AantalBasisonderwijsscholenBinnen3Km_217,votes_square,-0.0,0.1259,0.0009,0.0,1.6791,0.1500400212783079,0.588187429328519,3
D66,AfstandTotSchoolVmbo_218,votes_div,1.3915,0.0,0.0048,0.0,1.2023,0.30052182414087364,0.11294987278459995,3
PVV,AfstandTotSchoolVmbo_218,votes_div,-0.1291,0.0297,0.0012,0.0,0.5257,0.4606009095665622,0.005965286057945335,2
CDA,AfstandTotSchoolVmbo_218,votes,0.0092,0.0,0.0513,0.0,1.0233,7.237114861020142e-45,1.0249049698594823e-10,2
SP,AfstandTotSchoolVmbo_218,votes_div,-0.2001,0.0428,0.001,0.0,1.0843,0.10923343451121365,0.018826539673416645,2
PvdA,AfstandTotSchoolVmbo_218,votes_div,-0.2827,0.0052,0.0014,0.0,1.7708,0.018440726699708036,0.004951015343966738,2
Groenlinks,AfstandTotSchoolVmbo_218,votes,-0.0037,0.0,0.0511,0.0,1.1801,1.1658553753672939e-10,9.516639715628146e-18,2
FvD,AfstandTotSchoolVmbo_218,votes,-0.0023,0.0129,0.0056,0.0,0.3171,0.6243788115404227,0.41389181684955445,3
PvdD,AfstandTotSchoolVmbo_218,votes_div,0.6773,0.0192,0.0012,0.0,1.2567,0.39399156974103333,0.006065162537133071,2
CU,AfstandTotSchoolVmbo_218,votes_div,2.2092,0.0,0.0074,0.0,1.0031,0.4130191913398168,1.4721984531242366e-09,2
SGP,AfstandTotSchoolVmbo_218,votes_square,0.0011,0.0,0.0147,0.0,1.7691,0.05988300751701238,0.7069547393222508,4
DENK,AfstandTotSchoolVmbo_218,votes,-0.0021,0.0,0.1293,0.0,1.5496,2.6586766508088974e-16,2.821147007036955e-08,3
VijftigPlus,AfstandTotSchoolVmbo_218,votes_log,-0.0092,0.0268,0.0018,0.0,0.9328,0.2158861569460397,0.4344251336134344,3
D66,AantalScholenVmboBinnen5Km_219,votes,0.0049,0.0,0.0788,0.0,0.7361,4.012978019766372e-07,4.8604625545991754e-24,2
PVV,AantalScholenVmboBinnen5Km_219,votes,-0.0013,0.0001,0.0038,0.0,0.6647,0.3614035125442473,0.7058380955366403,3
CDA,AantalScholenVmboBinnen5Km_219,votes_div,0.6745,0.0,0.234,0.0,1.1833,0.45785924990908966,2.3791692165068172e-63,3
SP,AantalScholenVmboBinnen5Km_219,votes_sqrt,-0.0016,0.0004,0.0031,0.4434,0.7731,0.31914387816303696,0.34237403810901645,4
PvdA,AantalScholenVmboBinnen5Km_219,votes_div,-0.2259,0.0096,0.0012,0.0,1.7716,0.49904725695230945,0.6367519735493982,4
Groenlinks,AantalScholenVmboBinnen5Km_219,votes_div,-2.0879,0.0008,0.0022,0.0,1.9432,0.6421064259092517,0.7897925493254564,4
FvD,AantalScholenVmboBinnen5Km_219,votes,0.0021,0.0008,0.0102,0.0,0.3486,0.009840318821272679,0.32524508948639186,2
PvdD,AantalScholenVmboBinnen5Km_219,votes,0.0015,0.0,0.1098,0.0,0.7329,0.06858477117915393,8.644872018835484e-09,3
CU,AantalScholenVmboBinnen5Km_219,votes_square,-0.0006,0.0,0.012,0.0,1.645,0.6878306114532827,0.0034532055256998955,3
SGP,AantalScholenVmboBinnen5Km_219,votes,-0.004,0.0,0.0201,0.0,1.4773,0.11002016034006327,2.068684543771099e-11,2
DENK,AantalScholenVmboBinnen5Km_219,votes,0.0022,0.0,0.3001,0.0,1.7232,0.2975557350384167,2.4117915276878115e-23,4
VijftigPlus,AantalScholenVmboBinnen5Km_219,votes_square,-0.0,0.2613,0.0005,0.0,1.6742,0.5780768940331342,0.3267003342178487,3
D66,AfstandTotSchoolHavoVwo_220,votes_div,1.252,0.0,0.0116,0.0,1.2029,1.1217008689460997e-14,0.3254254181883678,2
PVV,AfstandTotSchoolHavoVwo_220,votes,-0.0009,0.0001,0.0038,0.0,0.6612,0.014470629640723714,0.112148746326249,2
CDA,AfstandTotSchoolHavoVwo_220,votes,0.0035,0.0,0.0216,0.0,1.0539,1.4996455579081678e-64,1.2811903515439209e-17,1
SP,AfstandTotSchoolHavoVwo_220,votes_sqrt,-0.0013,0.0001,0.0039,0.3207,0.7397,0.7466807571998758,0.5650909834703828,4
PvdA,AfstandTotSchoolHavoVwo_220,votes_div,0.153,0.0086,0.0012,0.0,1.767,0.00014788921094220528,0.0007690462675983723,2
Groenlinks,AfstandTotSchoolHavoVwo_220,votes_div,1.0602,0.0153,0.0011,0.0,1.9401,0.01787118889425857,0.8372132585587181,3
FvD,AfstandTotSchoolHavoVwo_220,votes,-0.0,0.9208,0.0,0.0,0.3066,0.6064828447023954,0.19881296036354995,2
PvdD,AfstandTotSchoolHavoVwo_220,votes,-0.0002,0.0002,0.0032,0.0,0.7582,9.945708850496287e-38,4.510326573449909e-05,1
CU,AfstandTotSchoolHavoVwo_220,votes_square,0.0,0.6275,0.0001,0.0,1.6646,0.0002709057227401293,0.15063285409385474,2
SGP,AfstandTotSchoolHavoVwo_220,votes_square,0.0011,0.0,0.0361,0.0,1.7321,6.3521751284087105e-15,5.2431776012747423e-17,2
DENK,AfstandTotSchoolHavoVwo_220,votes_sqrt,-0.0056,0.0,0.1866,0.0,1.6442,1.9522847720034822e-35,0.30224055576360764,4
VijftigPlus,AfstandTotSchoolHavoVwo_220,votes_square,-0.0,0.034,0.0017,0.0,1.6721,0.6050123761498923,0.42502315996376694,4
D66,AantalScholenHavoVwoBinnen5Km_221,votes_square,0.0017,0.0,0.1273,0.0,1.0242,0.4522466841806486,8.032439260643028e-33,3
PVV,AantalScholenHavoVwoBinnen5Km_221,votes,-0.0014,0.0013,0.0025,0.0,0.6583,0.0058645151017603404,0.2930364196606219,2
CDA,AantalScholenHavoVwoBinnen5Km_221,votes_log,-0.106,0.0,0.1785,0.0001,1.0199,2.294431246686629e-06,0.16864922890714937,3
SP,AantalScholenHavoVwoBinnen5Km_221,votes_sqrt,-0.0011,0.0658,0.0008,0.6219,0.7582,0.028450585625941684,0.44690046705776276,2
PvdA,AantalScholenHavoVwoBinnen5Km_221,votes_div,-0.4654,0.0001,0.0027,0.0,1.7707,0.08563856315294167,0.07254909044251637,4
Groenlinks,AantalScholenHavoVwoBinnen5Km_221,votes_div,-3.4228,0.0,0.0032,0.0,1.9426,0.06614203521742598,0.5548822833923621,4
FvD,AantalScholenHavoVwoBinnen5Km_221,votes,-0.0007,0.3895,0.0007,0.0,0.3005,0.22724125416314642,0.08470125504601465,2
PvdD,AantalScholenHavoVwoBinnen5Km_221,votes,0.002,0.0,0.1009,0.0,0.7055,0.3636953875600545,3.7011839676520976e-07,3
CU,AantalScholenHavoVwoBinnen5Km_221,votes_square,-0.0008,0.0,0.014,0.0,1.6443,0.09605989273140345,0.006317970358760146,3
SGP,AantalScholenHavoVwoBinnen5Km_221,votes_square,-0.0018,0.0,0.0259,0.0,1.7441,1.41845425609812e-07,3.286131579722531e-06,2
DENK,AantalScholenHavoVwoBinnen5Km_221,votes,0.0031,0.0,0.3061,0.0,1.7412,0.14637032386695845,3.001939941943336e-24,4
VijftigPlus,AantalScholenHavoVwoBinnen5Km_221,votes_square,-0.0,0.054,0.0014,0.0,1.676,0.1881287482151573,0.4341069858165856,3
D66,AfstandTotGroteSupermarkt_222,votes_div,2.8284,0.0018,0.0022,0.0,1.8521,0.5611917889731204,0.009792058854299342,3
PVV,AfstandTotGroteSupermarkt_222,votes_div,0.8493,0.0189,0.0015,0.0,0.5344,0.1493920173092319,0.06475202943982132,3
CDA,AfstandTotGroteSupermarkt_222,votes,0.0764,0.0,0.1381,0.0,1.335,2.924899340928385e-54,6.856231490221742e-41,2
SP,AfstandTotGroteSupermarkt_222,votes_sqrt,0.0057,0.1182,0.0008,0.0761,0.8084,0.7745378391667316,0.6488389593601455,3
PvdA,AfstandTotGroteSupermarkt_222,votes_div,-1.7442,0.0192,0.0012,0.0,1.7794,0.6553033519006984,0.014637027871086313,3
Groenlinks,AfstandTotGroteSupermarkt_222,votes_div,-1.3239,0.6338,0.0001,0.0,1.8382,0.8010540128314185,0.10750828106231079,3
FvD,AfstandTotGroteSupermarkt_222,votes_log,-0.1607,0.0402,0.0038,0.0,0.1069,0.35403334361599337,0.07318300017056306,3
PvdD,AfstandTotGroteSupermarkt_222,votes_log,-0.1854,0.0,0.0174,0.0,0.6695,4.5429351437649145e-21,0.18843082489941385,2
CU,AfstandTotGroteSupermarkt_222,votes_square,0.0034,0.0,0.0116,0.0,1.6491,0.015900234527592132,0.24843336594246238,3
SGP,AfstandTotGroteSupermarkt_222,votes,-0.0099,0.0298,0.0024,0.0,1.5589,0.10467828100688267,0.07565599063345763,4
DENK,AfstandTotGroteSupermarkt_222,votes,-0.0135,0.0,0.1715,0.0,1.6475,3.369468412126665e-22,2.576807112928722e-13,3
VijftigPlus,AfstandTotGroteSupermarkt_222,votes,-0.0027,0.0021,0.0035,0.0,1.1466,0.05132083024637617,0.880053992205887,3
D66,AantalGroteSupermarktenBinnen3Km_223,votes_div,-0.5487,0.0,0.0111,0.0,1.857,0.25297226220435276,0.8483968598205922,4
PVV,AantalGroteSupermarktenBinnen3Km_223,votes_div,0.1274,0.0001,0.0043,0.0,0.5368,0.010391821373836497,0.00036046893066608794,1
CDA,AantalGroteSupermarktenBinnen3Km_223,votes_log,-0.0554,0.0,0.2532,0.0587,1.2741,9.068123009530464e-06,5.80713458982734e-08,3
SP,AantalGroteSupermarktenBinnen3Km_223,votes_div,-0.0342,0.5716,0.0001,0.0,1.1126,0.5872846020501992,0.9435351509915896,2
PvdA,AantalGroteSupermarktenBinnen3Km_223,votes,0.0011,0.0,0.0047,0.0,0.6392,0.06739436037219369,0.7000535553519669,3
Groenlinks,AantalGroteSupermarktenBinnen3Km_223,votes_div,-0.9759,0.0001,0.0039,0.0,1.8466,0.9380492552327011,0.9000065454675946,4
FvD,AantalGroteSupermarktenBinnen3Km_223,votes,0.0002,0.5748,0.0003,0.0,0.3096,0.006981847153936122,0.6606086392824455,1
PvdD,AantalGroteSupermarktenBinnen3Km_223,votes_sqrt,0.0026,0.0,0.0825,0.0,0.6806,0.40086392039039864,0.89524461297711,4
CU,AantalGroteSupermarktenBinnen3Km_223,votes_square,-0.0003,0.0,0.0141,0.0,1.6245,0.34073712117485566,0.004132898597574564,3
SGP,AantalGroteSupermarktenBinnen3Km_223,votes,-0.0032,0.0,0.0298,0.0,1.5083,0.007299461401845739,2.1840486444518644e-08,2
DENK,AantalGroteSupermarktenBinnen3Km_223,votes,0.0017,0.0,0.4429,0.0,1.7578,0.013679684309143368,1.5006219680088556e-24,3
VijftigPlus,AantalGroteSupermarktenBinnen3Km_223,votes_square,-0.0,0.9164,0.0,0.0,1.6741,0.008628814252593216,0.5133482443344919,2
D66,AfstandTotRestaurant_224,votes_sqrt,-0.0719,0.0,0.1217,0.0,1.0772,2.0789070061057947e-22,0.08032501880071634,3
PVV,AfstandTotRestaurant_224,votes_log,-0.0569,0.024,0.0014,0.0,0.5372,0.05322548320810815,1.589703117776439e-07,2
CDA,AfstandTotRestaurant_224,votes_log,0.357,0.0,0.0765,0.4814,1.317,3.324744670737024e-39,0.2718315019101692,4
SP,AfstandTotRestaurant_224,votes_sqrt,0.0055,0.1577,0.0006,0.0553,0.8062,6.961647494148361e-05,0.3609781589498616,2
PvdA,AfstandTotRestaurant_224,votes_div,2.6068,0.0009,0.0024,0.0,1.7804,0.05838404371236185,0.001351767301795487,3
Groenlinks,AfstandTotRestaurant_224,votes,-0.0257,0.0,0.0607,0.0,1.1736,6.683008120282474e-16,1.7535991054721448e-15,2
FvD,AfstandTotRestaurant_224,votes,-0.0129,0.0211,0.0048,0.0,0.3203,0.15760811257389554,0.36318522154773836,3
PvdD,AfstandTotRestaurant_224,votes_sqrt,-0.0274,0.0,0.0604,0.0,0.6847,2.3230032173665947e-20,0.644609917060663,3
CU,AfstandTotRestaurant_224,votes_div,-26.0236,0.0,0.022,0.0,1.0502,0.5139262001411175,0.06041448576486444,3
SGP,AfstandTotRestaurant_224,votes_square,0.0149,0.0,0.0575,0.0,1.7641,0.1492802593330242,3.7038845430407e-12,4
DENK,AfstandTotRestaurant_224,votes,-0.0115,0.0,0.098,0.0,1.5937,1.5967935147221103e-08,7.114030268685271e-11,3
VijftigPlus,AfstandTotRestaurant_224,votes_square,-0.0005,0.0004,0.0047,0.0,1.6746,0.49697301146248773,0.43243737879904387,4
D66,AantalRestaurantsBinnen3Km_225,votes_div,-0.0798,0.0,0.0125,0.0,1.8538,4.763087077142384e-09,0.40157106021823374,3
PVV,AantalRestaurantsBinnen3Km_225,votes,-0.0001,0.0,0.0052,0.0,0.7376,0.8582619651286822,0.6519985343765645,3
CDA,AantalRestaurantsBinnen3Km_225,votes,-0.0009,0.0,0.1124,0.0,1.387,2.194546880801686e-64,0.25522237391027097,3
SP,AantalRestaurantsBinnen3Km_225,votes,-0.0001,0.0135,0.002,0.0,0.9235,0.30130846082025475,0.003114274719625874,2
PvdA,AantalRestaurantsBinnen3Km_225,votes_div,-0.0231,0.0122,0.0014,0.0,1.7858,0.19933998225051938,0.4539284104538598,4
Groenlinks,AantalRestaurantsBinnen3Km_225,votes_div,-0.1514,0.0,0.005,0.0,1.8456,0.0004430956384477435,0.6545120119522934,3
FvD,AantalRestaurantsBinnen3Km_225,votes,-0.0001,0.3026,0.001,0.0,0.2999,0.27345297839162114,0.06796689397334035,2
PvdD,AantalRestaurantsBinnen3Km_225,votes_log,0.0039,0.0,0.0606,0.0,0.6656,2.670609825489115e-25,0.15842192300182809,3
CU,AantalRestaurantsBinnen3Km_225,votes_log,-0.0029,0.0,0.0072,0.0,1.0996,0.1024658285468947,5.023769457098938e-18,2
SGP,AantalRestaurantsBinnen3Km_225,votes,-0.0004,0.0,0.0254,0.0,1.5206,7.94901692199496e-09,8.252469002950186e-05,2
DENK,AantalRestaurantsBinnen3Km_225,votes,0.0002,0.0,0.277,0.0,1.6963,5.535705091047835e-19,3.723626457777904e-15,3
VijftigPlus,AantalRestaurantsBinnen3Km_225,votes_square,-0.0,0.1025,0.001,0.0,1.6741,0.6228650850483473,0.5004472404801842,3
D66,AfstandTotBibliotheek_226,votes_div,0.9867,0.0679,0.0008,0.0,1.1741,0.3756394466360895,0.47185541460263536,2
PVV,AfstandTotBibliotheek_226,votes,-0.0018,0.0144,0.0018,0.0,0.6253,0.34742895363947757,0.012291246028764606,2
CDA,AfstandTotBibliotheek_226,votes,0.0062,0.0,0.0084,0.0,1.0012,0.0021557041087855917,0.995065740242441,2
SP,AfstandTotBibliotheek_226,votes,-0.0027,0.0001,0.0046,0.0,0.8059,0.05903937983214944,5.820765293703194e-05,2
PvdA,AfstandTotBibliotheek_226,votes_div,-0.2476,0.2117,0.0003,0.0,1.7771,0.6222714289699118,0.31135444270523477,3
Groenlinks,AfstandTotBibliotheek_226,votes_div,-1.209,0.4339,0.0001,0.0,1.9423,0.468002228210758,0.5155964017461356,3
FvD,AfstandTotBibliotheek_226,votes,0.0006,0.667,0.0002,0.0,0.3061,0.4612803432132615,0.6732522669429746,2
PvdD,AfstandTotBibliotheek_226,votes_div,-0.4749,0.3153,0.0003,0.0,1.3639,0.4368614523393798,0.2540496429355684,2
CU,AfstandTotBibliotheek_226,votes_square,-0.0003,0.0849,0.0012,0.0,1.6717,0.7610820842020547,0.07027462530127548,3
SGP,AfstandTotBibliotheek_226,votes,0.004,0.0004,0.0062,0.0,1.5555,0.12847902208146,0.4562605606204633,4
DENK,AfstandTotBibliotheek_226,votes,-0.0016,0.0,0.0276,0.0,1.5414,0.006919727115623188,0.0011512842898899083,2
VijftigPlus,AfstandTotBibliotheek_226,votes_square,-0.0,0.4967,0.0002,0.0,1.6943,0.8902879536895075,0.476179662927787,3
D66,AfstandTotBioscoop_227,votes_div,0.8617,0.0,0.0594,0.0,1.8615,0.2159812081659661,1.7252531995790394e-16,4
PVV,AfstandTotBioscoop_227,votes,-0.0003,0.0198,0.0015,0.0,0.7384,0.001140564014735683,6.3615588504965e-07,1
CDA,AfstandTotBioscoop_227,votes_log,0.0199,0.0,0.0743,0.1396,1.3211,2.834013881112351e-57,0.0025213949647286443,3
SP,AfstandTotBioscoop_227,votes,0.0,0.8485,0.0,0.0,0.9155,0.42410289160059955,0.0656436613061453,2
PvdA,AfstandTotBioscoop_227,votes_div,0.3216,0.0,0.0117,0.0,1.7702,0.46933211980402,1.0916949037072585e-12,3
Groenlinks,AfstandTotBioscoop_227,votes_div,1.6715,0.0,0.0247,0.0,1.8419,0.5541986826737143,7.550747518775161e-06,3
FvD,AfstandTotBioscoop_227,votes,-0.0004,0.1389,0.002,0.0,0.3128,0.8678586722326544,0.2257141901316061,2
PvdD,AfstandTotBioscoop_227,votes_square,-0.0,0.0,0.0234,0.0,1.0457,1.1809141010154276e-36,0.21116665073324567,2
CU,AfstandTotBioscoop_227,votes_div,-0.9052,0.0,0.0085,0.0,1.0388,0.3067056293415942,0.5801713518452474,3
SGP,AfstandTotBioscoop_227,votes,0.0026,0.0,0.05,0.0,1.5085,3.5484863819397494e-08,4.661406698839877e-32,3
DENK,AfstandTotBioscoop_227,votes,-0.0006,0.0,0.1005,0.0,1.6204,1.8413904156996432e-14,0.0002561752428149797,3
VijftigPlus,AfstandTotBioscoop_227,votes,-0.0003,0.0,0.0105,0.0,1.1656,0.5112091551621358,0.3267252990656473,3
D66,AantalBioscopenBinnen10Km_228,votes,0.011,0.0,0.2141,0.0,1.0744,4.237242577320656e-28,1.2036440122729035e-43,2
PVV,AantalBioscopenBinnen10Km_228,votes_div,0.4222,0.0,0.0081,0.0,0.5284,0.9968148829637742,4.646991984135859e-06,2
CDA,AantalBioscopenBinnen10Km_228,votes_log,-0.1057,0.0,0.1669,0.472,1.3131,0.05278884309339847,0.09202224771633248,5
SP,AantalBioscopenBinnen10Km_228,votes_sqrt,-0.0033,0.0,0.0065,0.0985,0.826,0.8242759688619218,0.001818389721644196,3
PvdA,AantalBioscopenBinnen10Km_228,votes_div,-0.5075,0.0013,0.0023,0.0,1.7826,0.19188295329528074,0.05093337116698193,4
Groenlinks,AantalBioscopenBinnen10Km_228,votes_square,0.0015,0.0,0.1612,0.0,1.5133,0.05549699423099236,1.114532245382418e-50,4
FvD,AantalBioscopenBinnen10Km_228,votes,0.0005,0.6351,0.0002,0.0,0.3104,0.1089798832901966,0.8058932736551866,2
PvdD,AantalBioscopenBinnen10Km_228,votes_square,0.0002,0.0,0.1,0.0,1.0169,0.145430411015175,3.558291811126458e-15,3
CU,AantalBioscopenBinnen10Km_228,votes,-0.0079,0.0,0.0634,0.0,1.3841,1.5139471805238123e-09,1.9230813028705665e-15,2
SGP,AantalBioscopenBinnen10Km_228,votes,-0.01,0.0,0.0521,0.0,1.523,2.2237313929001167e-07,1.9190332687024376e-15,3
DENK,AantalBioscopenBinnen10Km_228,votes_sqrt,0.0115,0.0,0.16,0.0,1.691,0.2344762620923447,1.023147512060049e-11,4
VijftigPlus,AantalBioscopenBinnen10Km_228,votes_square,-0.0,0.2127,0.0006,0.0,1.6742,0.5594930166821876,0.11471766342164562,3
D66,AfstandTotZwembad_229,votes_div,0.4491,0.0001,0.0036,0.0,1.8507,0.1619245395036713,0.07530327062810904,4
PVV,AfstandTotZwembad_229,votes_square,0.0001,0.357,0.0002,0.0,0.9713,0.0833556632394689,0.8218185772470115,2
CDA,AfstandTotZwembad_229,votes_log,0.0349,0.0,0.0528,0.1601,1.3174,3.0024249752503382e-34,0.00023382594662970329,3
SP,AfstandTotZwembad_229,votes_div,-0.2014,0.0286,0.0016,0.0,1.1184,0.07067121175135255,0.15975674487872044,3
PvdA,AfstandTotZwembad_229,votes_div,-0.2418,0.0094,0.0015,0.0,1.7857,0.5103842909695144,0.08305484623853951,4
Groenlinks,AfstandTotZwembad_229,votes_div,0.0717,0.8373,0.0,0.0,1.8394,0.6732370485395056,0.2868352779601573,3
FvD,AfstandTotZwembad_229,votes_square,-0.0003,0.0388,0.0039,0.0,0.7862,0.2173625074692356,0.3294361053571718,3
PvdD,AfstandTotZwembad_229,votes_div,0.4827,0.0404,0.0012,0.0,1.2305,0.0013626305230418439,0.12128792068113192,2
CU,AfstandTotZwembad_229,votes_square,0.0001,0.365,0.0003,0.0,1.6485,0.107917139704327,0.14799030789026232,3
SGP,AfstandTotZwembad_229,votes_square,0.0004,0.0072,0.0037,0.0,1.7989,0.0301824456792851,0.9437113353801412,3
DENK,AfstandTotZwembad_229,votes_sqrt,-0.0062,0.0,0.1164,0.0,1.6264,1.742496404626374e-15,0.05283484136662258,4
VijftigPlus,AfstandTotZwembad_229,votes_square,-0.0001,0.0024,0.0034,0.0,1.6723,0.174640457347907,0.13199230792248978,4
D66,AfstandTotSportterrein_230,votes_div,11.313,0.025,0.0024,0.0,1.2041,0.7510063522376897,0.640953312418691,3
PVV,AfstandTotSportterrein_230,votes_div,3.2296,0.0,0.013,0.0,0.5955,0.39594599902677197,0.9918521723230699,3
CDA,AfstandTotSportterrein_230,votes,0.034,0.0,0.0079,0.0,0.9342,0.5720069059860311,3.4097793195044825e-05,2
SP,AfstandTotSportterrein_230,votes_div,1.7822,0.0156,0.0031,0.0,1.5533,0.04220268510211028,0.05609741941439899,3
PvdA,AfstandTotSportterrein_230,votes_div,-1.2199,0.177,0.0008,0.0,1.768,0.07256413325214686,0.10178568846699274,3
Groenlinks,AfstandTotSportterrein_230,votes,-0.0179,0.0,0.0183,0.0,0.8996,0.07649775145537437,0.23275657107085418,3
